t,rd,pd,yd,r,p,y
0.0,0.0,0.0,0.0,0.0,0.0,0.0
0.0,0.0,0.0,0.0,0.0,0.0,0.0
0.0,0.0,0.0,0.0,0.0,0.0,0.0
0.0,0.0,0.0,0.0,0.0,0.0,0.0
0.0,0.0,0.0,0.0,0.0,0.0,0.0
0.0,0.0,0.0,0.0,0.0,0.0,0.0
0.0,0.0,0.0,0.0,0.0,0.0,0.0
0.0,0.0,0.0,0.0,0.0,0.0,0.0
0.0,0.0,0.0,0.0,0.0,0.0,0.0
0.0,0.0,0.0,0.0,0.0,0.0,0.0
0.002,0.0,0.0,0.0,0.0,0.0,0.0
0.035,0.0,0.0,0.0,-0.0,-0.0,-0.0
0.075,0.0,0.0,0.0,-0.0,-0.0,0.0
0.113,0.0,0.0,0.0,-0.0,-0.0,0.0
0.143,0.0,0.0,0.0,-0.0,-0.0,0.0
0.17,0.0,0.0,0.0,-0.0,-0.0,0.0
0.19,0.0,0.0,0.0,-0.0,0.0,0.0
0.204,0.0,0.0,0.0,-0.0,-0.0,0.0
0.215,0.0,0.0,0.0,-0.0,-0.0,0.0
0.227,0.0,0.0,0.0,0.0,0.0,0.0
0.24,0.0,0.0,0.0,0.0,-0.0,0.0
0.249,0.0,0.0,0.0,0.0,-0.0,0.0
0.268,0.0,0.0,0.0,0.0,0.0,0.0
0.286,0.0,0.0,0.0,0.0,-0.0,0.0
0.309,0.0,0.0,0.0,0.0,-0.0,0.0
0.327,0.0,0.0,0.0,0.0,0.0,0.0
0.341,0.0,0.0,0.0,0.0,-0.0,0.0
0.353,0.0,0.0,0.0,0.0,0.0,0.0
0.371,0.0,0.0,0.0,0.0,0.0,0.0
0.38,0.0,0.0,0.0,0.0,-0.0,0.0
0.393,0.0,0.0,0.0,0.0,0.0,0.0
0.415,0.0,0.0,0.0,0.0,-0.0,0.0
0.442,0.0,0.0,0.0,0.0,-0.0,0.0
0.452,0.0,0.0,0.0,0.0,-0.0,0.0
0.471,0.0,0.0,0.0,0.0,0.0,0.0
0.492,0.0,0.0,0.0,0.0,-0.0,0.0
0.505,0.0,0.0,0.0,0.0,0.0,0.0
0.527,0.0,0.0,0.0,0.0,-0.0,0.0
0.538,0.0,0.0,0.0,0.0,0.0,0.0
0.562,0.0,0.0,0.0,0.0,0.0,0.0
0.579,0.0,0.0,0.0,0.0,-0.0,0.0
0.605,0.0,0.0,0.0,0.0,0.0,0.0
0.629,0.0,0.0,0.0,0.0,-0.0,0.0
0.651,0.0,0.0,0.0,0.0,-0.0,0.0
0.695,0.0,0.0,0.0,0.0,0.0,0.0
0.695,0.0,0.0,0.0,0.0,-0.0,0.0
0.746,0.0,0.0,0.0,0.0,0.0,0.0
0.772,0.0,0.0,0.0,0.0,0.0,0.0
0.778,0.0,0.0,0.0,0.0,0.0,0.0
0.82,0.0,0.0,0.0,0.0,-0.0,0.0
0.851,0.0,0.0,0.0,0.0,-0.0,0.0
0.882,0.0,0.0,0.0,0.0,0.0,0.0
0.909,0.0,0.0,0.0,0.0,0.0,0.0
0.937,0.0,0.0,0.0,0.0,0.0,0.0
0.975,0.0,0.0,0.0,0.0,0.0,0.0
1.003,0.0,0.0,0.0,0.0,0.0,0.0
1.048,0.0,0.0,0.0,0.0,0.0,0.0
1.091,0.0,0.0,0.0,0.0,-0.0,0.0
1.123,0.0,0.0,0.0,0.0,-0.0,0.0
1.162,0.0,0.0,0.0,0.0,-0.0,0.0
1.202,0.0,0.0,0.0,0.0,-0.0,0.0
1.244,0.0,0.0,0.0,0.0,0.0,0.0
1.286,0.0,0.0,0.0,0.0,0.0,0.0
1.329,0.0,0.0,0.0,0.0,-0.0,0.0
1.373,0.0,0.0,0.0,0.0,-0.0,0.0
1.413,0.0,0.0,0.0,0.0,0.0,0.0
1.451,0.0,0.0,0.0,0.0,0.0,0.0
1.487,0.0,0.0,0.0,0.0,0.0,0.0
1.5270000000000001,0.0,0.0,0.0,0.0,0.0,0.0
1.571,0.0,0.0,0.0,0.0,-0.0,0.0
1.6139999999999999,0.0,0.0,0.0,0.0,-0.0,0.0
1.658,0.0,0.0,0.0,0.0,0.0,0.0
1.698,0.0,0.0,0.0,0.0,0.0,0.0
1.733,0.0,0.0,0.0,0.0,0.0,0.0
1.766,0.0,0.0,0.0,0.0,0.0,0.0
1.79,0.0,0.0,0.0,0.0,0.0,0.0
1.822,0.0,0.0,0.0,0.0,0.0,0.0
1.8479999999999999,0.0,0.0,0.0,0.0,-0.0,0.0
1.866,0.0,0.0,0.0,0.0,0.0,0.0
1.888,0.0,0.0,0.0,0.0,0.0,0.0
1.9140000000000001,0.0,0.0,0.0,0.0,-0.0,0.0
1.938,0.0,0.0,0.0,0.0,-0.0,0.0
1.975,0.0,0.0,0.0,0.0,-0.0,0.0
1.995,0.0,0.0,0.0,0.0,0.0,0.0
2.034,0.0,0.0,0.0,0.0,0.0,0.0
2.063,0.0,0.0,0.0,0.0,0.0,0.0
2.087,0.0,0.0,0.0,0.0,-0.0,0.0
2.127,0.0,0.0,0.0,0.0,0.0,0.0
2.163,0.0,0.0,0.0,0.0,0.0,0.0
2.187,0.0,0.0,0.0,0.0,-0.0,0.0
2.206,0.0,0.0,0.0,0.0,0.0,0.0
2.228,0.0,0.0,0.0,0.0,0.0,0.0
2.246,0.0,0.0,0.0,0.0,-0.0,0.0
2.261,0.0,0.0,0.0,0.0,0.0,0.0
2.261,0.0,0.0,0.0,0.0,0.0,0.0
2.329,0.0,0.0,0.0,0.0,0.0,0.0
2.349,0.0,0.0,0.0,0.0,-0.0,0.0
2.376,0.0,0.0,0.0,0.0,0.0,0.0
2.402,0.0,0.0,0.0,0.0,0.0,0.0
2.43,0.0,0.0,0.0,0.0,-0.0,0.0
2.474,0.0,0.0,0.0,-0.0,-0.0,0.0
2.502,0.0,0.0,0.0,-0.0,-0.0,0.0
2.527,0.0,0.0,0.0,-0.0,-0.0,0.0
2.5540000000000003,0.0,0.0,0.0,-0.0,-0.0,0.0
2.572,0.0,0.0,0.0,-0.0,-0.0,0.0
2.607,0.0,0.0,0.0,-0.0,-0.0,0.0
2.637,0.0,0.0,0.0,-0.0,-0.0,0.0
2.667,0.0,0.0,0.0,-0.0,-0.0,0.0
2.693,0.0,0.0,0.0,-0.0,-0.0,0.0
2.731,0.0,0.0,0.0,-0.0,-0.0,0.0
2.759,0.0,0.0,0.0,-0.0,-0.0,0.0
2.803,0.0,0.0,0.0,-0.0,-0.0,0.0
2.833,0.0,0.0,0.0,-0.0,-0.0,0.0
2.867,0.0,0.0,0.0,-0.0,-0.0,0.0
2.88,0.0,0.0,0.0,-0.0,-0.0,0.0
2.92,0.0,0.0,0.0,-0.0,-0.0,0.0
2.941,0.0,0.0,0.0,-0.0,-0.0,0.0
2.971,0.0,0.0,0.0,-0.0,-0.0,0.0
3.006,0.0,0.0,0.0,-0.0,-0.0,0.0
3.031,0.0,0.0,0.0,-0.0,-0.0,0.0
3.06,0.0,0.0,0.0,-0.0,-0.0,0.0
3.091,0.0,0.0,0.0,-0.0,-0.0,0.0
3.128,0.0,0.0,0.0,-0.0,-0.0,0.0
3.148,0.0,0.0,0.0,-0.0,-0.0,0.0
3.175,0.0,0.0,0.0,-0.0,-0.0,0.0
3.207,0.0,0.0,0.0,-0.0,-0.0,0.0
3.227,0.0,0.0,0.0,-0.0,-0.0,0.0
3.25,0.0,0.0,0.0,-0.0,-0.0,0.0
3.2720000000000002,0.0,0.0,0.0,-0.0,-0.0,0.0
3.304,0.0,0.0,0.0,-0.0,-0.0,0.0
3.329,0.0,0.0,0.0,-0.0,-0.0,0.0
3.35,0.0,0.0,0.0,-0.0,-0.0,0.0
3.377,0.0,0.0,0.0,-0.0,-0.0,0.0
3.401,0.0,0.0,0.0,-0.0,-0.0,0.0
3.422,0.0,0.0,0.0,-0.0,-0.0,0.0
3.439,0.0,0.0,0.0,-0.0,-0.0,0.0
3.461,0.0,0.0,0.0,-0.0,-0.0,0.0
3.489,0.0,0.0,0.0,-0.0,-0.0,0.0
3.515,0.0,0.0,0.0,-0.0,-0.0,0.0
3.5300000000000002,0.0,0.0,0.0,-0.0,-0.0,0.0
3.566,0.0,0.0,0.0,-0.0,-0.0,0.0
3.584,0.0,0.0,0.0,-0.0,-0.0,0.0
3.6029999999999998,0.0,0.0,0.0,-0.0,-0.0,0.0
3.621,0.0,0.0,0.0,-0.0,-0.0,0.0
3.633,0.0,0.0,0.0,-0.0,-0.0,0.0
3.654,0.0,0.0,0.0,-0.0,-0.0,0.0
3.686,0.0,0.0,0.0,-0.0,-0.0,0.0
3.717,0.0,0.0,0.0,-0.0,-0.0,0.0
3.752,0.0,0.0,0.0,0.0,0.0,0.0
3.793,0.0,0.0,0.0,0.0,0.0,0.0
3.818,0.0,0.0,0.0,0.0,0.0,0.0
3.841,0.0,0.0,0.0,0.0,0.0,0.0
3.872,0.0,0.0,0.0,0.0,0.0,0.0
3.899,0.0,0.0,0.0,0.0,0.0,0.0
3.924,0.0,0.0,0.0,0.0,0.0,0.0
3.945,0.0,0.0,0.0,0.0,0.0,0.0
3.9539999999999997,0.0,0.0,0.0,0.0,0.0,0.0
3.984,0.0,0.0,0.0,0.0,0.0,0.0
4.024,0.0,0.0,0.0,0.0,0.0,0.0
4.044,0.0,0.0,0.0,0.0,0.0,0.0
4.068,0.0,0.0,0.0,0.0,0.0,0.0
4.099,0.0,0.0,0.0,0.0,0.0,0.0
4.126,0.0,0.0,0.0,0.0,0.0,0.0
4.146,0.0,0.0,0.0,0.0,0.0,0.0
4.164,0.0,0.0,0.0,0.0,0.0,0.0
4.179,0.0,0.0,0.0,0.0,0.0,0.0
4.214,0.0,0.0,0.0,0.0,0.0,0.0
4.245,0.0,0.0,0.0,0.0,0.0,0.0
4.274,0.0,0.0,0.0,0.0,0.0,0.0
4.287,0.0,0.0,0.0,0.0,0.0,0.0
4.306,0.0,0.0,0.0,0.0,0.0,0.0
4.333,0.0,0.0,0.0,0.0,0.0,0.0
4.357,0.0,0.0,0.0,0.0,0.0,0.0
4.378,0.0,0.0,0.0,0.0,0.0,0.0
4.402,0.0,0.0,0.0,0.0,0.0,0.0
4.423,0.0,0.0,0.0,0.0,0.0,0.0
4.441,0.0,0.0,0.0,0.0,0.0,0.0
4.454,0.0,0.0,0.0,0.0,0.0,0.0
4.492,0.0,0.0,0.0,0.0,0.0,0.0
4.526,0.0,0.0,0.0,0.0,0.0,0.0
4.559,0.0,0.0,0.0,0.0,0.0,0.0
4.589,0.0,0.0,0.0,0.0,0.0,0.0
4.616,0.0,0.0,0.0,0.0,0.0,0.0
4.643,0.0,0.0,0.0,0.0,0.0,0.0
4.671,0.0,0.0,0.0,0.0,0.0,0.0
4.698,0.0,0.0,0.0,0.0,0.0,0.0
4.731,0.0,0.0,0.0,0.0,0.0,0.0
4.767,0.0,0.0,0.0,0.0,0.0,0.0
4.7940000000000005,0.0,0.0,0.0,0.0,0.0,0.0
4.827,0.0,0.0,0.0,0.0,0.0,0.0
4.862,0.0,0.0,0.0,0.0,0.0,0.0
4.897,0.0,0.0,0.0,0.0,0.0,0.0
4.934,0.0,0.0,0.0,0.0,0.0,0.0
4.982,0.0,0.0,0.0,0.0,0.0,0.0
5.017,0.0,0.0,0.0,0.0,0.0,0.0
5.052,0.0,0.0,0.0,0.0,0.0,0.0
5.097,0.0,0.0,0.0,0.0,0.0,0.0
5.128,0.0,0.0,0.0,0.0,0.0,0.0
5.154,0.0,0.0,0.0,0.0,0.0,0.0
5.167,0.0,0.0,0.0,0.0,0.0,0.0
5.182,0.0,0.0,0.0,0.0,0.0,0.0
5.19,0.0,0.0,0.0,0.0,0.0,0.0
5.201,0.0,0.0,0.0,0.0,0.0,0.0
5.219,0.0,0.0,0.0,0.0,0.0,0.0
5.24,0.0,0.0,0.0,0.0,0.0,0.0
5.27,0.0,0.0,0.0,0.0,0.0,0.0
5.301,0.0,0.0,0.0,0.0,0.0,0.0
5.319,0.0,0.0,0.0,0.0,0.0,0.0
5.35,0.0,0.0,0.0,0.0,0.0,0.0
5.368,0.0,0.0,0.0,0.0,0.0,0.0
5.386,0.0,0.0,0.0,0.0,0.0,0.0
5.404,0.0,0.0,0.0,0.0,0.0,0.0
5.42,0.0,0.0,0.0,0.0,0.0,0.0
5.44,0.0,0.0,0.0,0.0,0.0,0.0
5.473,0.0,0.0,0.0,0.0,0.0,0.0
5.506,0.0,0.0,0.0,0.0,0.0,0.0
5.527,0.0,0.0,0.0,0.0,0.0,0.0
5.553,0.0,0.0,0.0,0.0,0.0,0.0
5.576,0.0,0.0,0.0,0.0,0.0,0.0
5.596,0.0,0.0,0.0,-0.0,-0.0,0.0
5.631,0.0,0.0,0.0,-0.0,-0.0,0.0
5.666,0.0,0.0,0.0,-0.0,-0.0,0.0
5.705,0.0,0.0,0.0,-0.0,-0.0,0.0
5.737,0.0,0.0,0.0,-0.0,-0.0,0.0
5.769,0.0,0.0,0.0,-0.0,-0.0,0.0
5.796,0.0,0.0,0.0,-0.0,-0.0,0.0
5.809,0.0,0.0,0.0,-0.0,-0.0,0.0
5.83,0.0,0.0,0.0,0.0,0.0,0.0
5.854,0.0,0.0,0.0,-0.0,-0.0,0.0
5.873,0.0,0.0,0.0,-0.0,-0.01,0.0
5.898,0.0,0.0,0.0,-0.0,-0.01,0.0
5.934,0.0,0.0,0.0,-0.01,-0.02,0.0
5.967,0.0,0.0,0.0,-0.01,-0.03,0.0
5.985,0.0,0.0,0.0,-0.01,-0.03,0.0
6.0,0.0,0.0,0.0,-0.01,-0.03,0.0
6.009,0.0,0.0,0.0,-0.01,-0.03,0.0
6.015,0.0,0.0,0.0,-0.01,-0.03,0.0
6.034,0.0,0.0,0.0,-0.01,-0.04,0.0
6.046,0.0,0.0,0.0,-0.01,-0.04,0.0
6.06,0.0,0.0,0.0,-0.01,-0.04,0.0
6.075,0.0,0.0,0.0,-0.01,-0.04,0.0
6.086,0.0,0.0,0.0,-0.01,-0.04,0.0
6.102,0.0,0.0,0.0,-0.01,-0.04,0.0
6.125,0.0,0.0,0.0,-0.01,-0.05,0.0
6.15,0.0,0.0,0.0,-0.01,-0.05,0.0
6.17,0.0,0.0,0.0,-0.01,-0.05,0.0
6.191,0.0,0.0,0.0,-0.01,-0.06,-0.0
6.205,0.0,0.0,0.0,-0.01,-0.06,-0.0
6.223,0.0,0.0,0.0,-0.01,-0.06,-0.0
6.235,0.0,0.0,0.0,-0.01,-0.06,-0.0
6.258,0.0,0.0,0.0,-0.0,-0.06,-0.0
6.283,0.0,0.0,0.0,0.0,-0.06,-0.0
6.302,0.0,0.0,0.0,0.0,-0.06,-0.0
6.336,0.0,0.0,0.0,0.01,-0.06,-0.0
6.37,0.0,0.0,0.0,0.01,-0.06,-0.0
6.413,0.0,0.0,0.0,0.02,-0.06,-0.0
6.45,0.0,0.0,0.0,0.03,-0.06,-0.0
6.476,0.0,0.0,0.0,0.03,-0.06,-0.0
6.503,0.0,0.0,0.0,0.04,-0.06,-0.0
6.535,0.0,0.0,0.0,0.05,-0.05,-0.0
6.571,0.0,0.0,0.0,0.06,-0.05,-0.0
6.608,0.0,0.0,0.0,0.06,-0.05,-0.0
6.642,0.0,0.0,0.0,0.07,-0.04,-0.0
6.675,0.0,0.0,0.0,0.08,-0.04,-0.0
6.7059999999999995,0.0,0.0,0.0,0.09,-0.03,-0.0
6.728,0.0,0.0,0.0,0.09,-0.03,-0.0
6.756,0.0,0.0,0.0,0.1,-0.02,-0.0
6.782,0.0,0.0,0.0,0.11,-0.02,-0.0
6.816,0.0,0.0,0.0,0.11,-0.01,-0.0
6.842,0.0,0.0,0.0,0.12,-0.01,-0.0
6.872,0.0,0.0,0.0,0.13,0.0,-0.0
6.889,0.0,0.0,0.0,0.13,0.0,-0.0
6.913,0.0,0.0,0.0,0.14,0.01,-0.0
6.948,0.0,0.0,0.0,0.15,0.01,-0.0
6.977,0.0,0.0,0.0,0.15,0.02,-0.0
7.011,0.0,0.0,0.0,0.16,0.03,-0.0
7.04,0.0,0.0,0.0,0.17,0.04,-0.0
7.081,0.0,0.0,0.0,0.17,0.04,-0.0
7.118,0.0,0.0,0.0,0.18,0.05,-0.0
7.154,0.0,0.0,0.0,0.18,0.06,-0.0
7.191,0.0,0.0,0.0,0.18,0.07,-0.0
7.218,0.0,0.0,0.0,0.19,0.07,-0.0
7.255,0.0,0.0,0.0,0.19,0.08,-0.0
7.289,0.0,0.0,0.0,0.19,0.09,-0.0
7.311,0.0,0.0,0.0,0.19,0.09,-0.0
7.342,0.0,0.0,0.0,0.19,0.1,-0.0
7.376,0.0,0.0,0.0,0.19,0.1,-0.0
7.414,0.0,0.0,0.0,0.19,0.11,-0.0
7.453,0.0,0.0,0.0,0.19,0.11,-0.0
7.478,0.0,0.0,0.0,0.19,0.11,-0.0
7.513,0.0,0.0,0.0,0.19,0.12,-0.0
7.533,0.0,0.0,0.0,0.19,0.12,-0.0
7.559,0.0,0.0,0.0,0.19,0.12,-0.0
7.592,0.0,0.0,0.0,0.18,0.13,-0.0
7.635,0.0,0.0,0.0,0.18,0.13,-0.0
7.662,0.0,0.0,0.0,0.17,0.13,-0.0
7.692,0.0,0.0,0.0,0.17,0.13,-0.0
7.714,0.0,0.0,0.0,0.16,0.13,-0.0
7.736,0.0,0.0,0.0,0.16,0.13,-0.0
7.7620000000000005,0.0,0.0,0.0,0.15,0.13,-0.0
7.798,0.0,0.0,0.0,0.15,0.13,-0.01
7.8309999999999995,0.0,0.0,0.0,0.14,0.13,-0.01
7.874,0.0,0.0,0.0,0.13,0.13,-0.01
7.905,0.0,0.0,0.0,0.12,0.13,-0.01
7.955,0.0,0.0,0.0,0.11,0.13,-0.01
8.0,0.0,0.0,0.0,0.09,0.12,-0.01
8.03,0.0,0.0,0.0,0.08,0.12,-0.01
8.065,0.0,0.0,0.0,0.07,0.11,-0.01
8.103,0.0,0.0,0.0,0.06,0.11,-0.01
8.143,0.0,0.0,0.0,0.05,0.1,-0.01
8.182,0.0,0.0,0.0,0.03,0.1,-0.01
8.223,0.0,0.0,0.0,0.02,0.09,-0.02
8.251,0.0,0.0,0.0,0.01,0.09,-0.02
8.304,0.0,0.0,0.0,-0.0,0.08,-0.02
8.336,0.0,0.0,0.0,-0.01,0.07,-0.02
8.381,0.0,0.0,0.0,-0.03,0.06,-0.02
8.422,0.0,0.0,0.0,-0.04,0.05,-0.02
8.46,0.0,0.0,0.0,-0.05,0.05,-0.02
8.497,0.0,0.0,0.0,-0.05,0.04,-0.02
8.54,0.0,0.0,0.0,-0.07,0.03,-0.01
8.575,0.0,0.0,0.0,-0.07,0.02,-0.01
8.62,0.0,0.0,0.0,-0.08,0.01,-0.01
8.664,0.0,0.0,0.0,-0.09,0.0,-0.01
8.701,0.0,0.0,0.0,-0.09,-0.01,-0.01
8.745,0.0,0.0,0.0,-0.1,-0.02,-0.01
8.777,0.0,0.0,0.0,-0.11,-0.02,-0.01
8.811,0.0,0.0,0.0,-0.11,-0.03,-0.01
8.845,0.0,0.0,0.0,-0.11,-0.04,-0.01
8.878,0.0,0.0,0.0,-0.12,-0.04,-0.01
8.918,0.0,0.0,0.0,-0.12,-0.05,-0.01
8.942,0.0,0.0,0.0,-0.12,-0.05,-0.01
8.988,0.0,0.0,0.0,-0.12,-0.06,-0.01
9.033,0.0,0.0,0.0,-0.12,-0.07,-0.01
9.057,0.0,0.0,0.0,-0.12,-0.07,-0.01
9.08,0.0,0.0,0.0,-0.12,-0.07,-0.01
9.103,0.0,0.0,0.0,-0.12,-0.07,-0.01
9.14,0.0,0.0,0.0,-0.12,-0.08,-0.01
9.179,0.0,0.0,0.0,-0.11,-0.08,-0.01
9.204,0.0,0.0,0.0,-0.11,-0.08,-0.01
9.244,0.0,0.0,0.0,-0.11,-0.08,-0.01
9.289,0.0,0.0,0.0,-0.1,-0.08,-0.01
9.329,0.0,0.0,0.0,-0.1,-0.08,-0.01
9.364,0.0,0.0,0.0,-0.09,-0.09,-0.01
9.402,0.0,0.0,0.0,-0.09,-0.09,-0.01
9.443,0.0,0.0,0.0,-0.08,-0.09,-0.01
9.479,0.0,0.0,0.0,-0.08,-0.08,-0.01
9.509,0.0,0.0,0.0,-0.07,-0.08,-0.01
9.549,0.0,0.0,0.0,-0.07,-0.08,-0.01
9.598,0.0,0.0,0.0,-0.06,-0.08,-0.01
9.642,0.0,0.0,0.0,-0.05,-0.07,-0.01
9.681000000000001,0.0,0.0,0.0,-0.05,-0.07,-0.01
9.711,0.0,0.0,0.0,-0.04,-0.07,-0.01
9.736,0.0,0.0,0.0,-0.04,-0.07,-0.01
9.753,0.0,0.0,0.0,-0.04,-0.06,-0.01
9.779,0.0,0.0,0.0,-0.03,-0.06,-0.01
9.808,0.0,0.0,0.0,-0.03,-0.06,-0.01
9.836,0.0,0.0,0.0,-0.02,-0.05,-0.01
9.859,0.0,0.0,0.0,-0.02,-0.05,-0.01
9.881,0.0,0.0,0.0,-0.01,-0.05,-0.01
9.905,0.0,0.0,0.0,-0.01,-0.05,-0.01
9.928,0.0,0.0,0.0,-0.01,-0.04,-0.01
9.955,0.0,0.0,0.0,-0.0,-0.04,-0.01
9.988,0.0,0.0,0.0,0.0,-0.03,-0.01
10.029,0.0,0.0,0.0,0.0,-0.03,-0.01
10.057,0.0,0.0,0.0,0.01,-0.02,-0.01
10.085,0.0,0.0,0.0,0.01,-0.02,-0.01
10.104,0.0,0.0,0.0,0.01,-0.02,-0.01
10.143,0.0,0.0,0.0,0.02,-0.01,-0.01
10.182,0.0,0.0,0.0,0.02,-0.01,-0.01
10.222,0.0,0.0,0.0,0.02,0.0,-0.01
10.265,0.0,0.0,0.0,0.03,0.0,-0.01
10.301,0.0,0.0,0.0,0.03,0.01,-0.01
10.33,0.0,0.0,0.0,0.03,0.01,-0.0
10.36,0.0,0.0,0.0,0.03,0.02,-0.0
10.391,0.0,0.0,0.0,0.03,0.02,-0.0
10.412,0.0,0.0,0.0,0.03,0.02,-0.0
10.468,0.0,0.0,0.0,0.03,0.03,-0.0
10.503,0.0,0.0,0.0,0.03,0.03,-0.0
10.538,0.0,0.0,0.0,0.03,0.03,-0.0
10.575,0.0,0.0,0.0,0.02,0.04,-0.0
10.615,0.0,0.0,0.0,0.02,0.04,-0.0
10.651,0.0,0.0,0.0,0.02,0.04,-0.0
10.677,0.0,0.0,0.0,0.02,0.04,-0.0
10.711,0.0,0.0,0.0,0.01,0.04,-0.0
10.74,0.0,0.0,0.0,0.01,0.04,-0.0
10.781,0.0,0.0,0.0,0.01,0.05,-0.0
10.814,0.0,0.0,0.0,0.01,0.05,-0.0
10.845,0.0,0.0,0.0,0.0,0.05,-0.0
10.874,0.0,0.0,0.0,0.0,0.05,-0.0
10.909,0.0,0.0,0.0,-0.0,0.04,-0.0
10.916,0.0,0.0,0.0,-0.01,0.04,-0.0
10.932,0.0,0.0,0.0,-0.01,0.04,-0.0
10.95,0.0,0.0,0.0,-0.01,0.04,-0.0
10.981,0.0,0.0,0.0,-0.01,0.04,-0.0
11.005,0.0,0.0,0.0,-0.01,0.04,-0.0
11.035,0.0,0.0,0.0,-0.02,0.04,-0.0
11.072,0.0,0.0,0.0,-0.02,0.04,-0.0
11.087,0.0,0.0,0.0,-0.02,0.04,-0.0
11.116,0.0,0.0,0.0,-0.03,0.04,-0.0
11.147,0.0,0.0,0.0,-0.03,0.04,-0.0
11.176,0.0,0.0,0.0,-0.03,0.03,-0.0
11.189,0.0,0.0,0.0,-0.03,0.03,-0.0
11.199,0.0,0.0,0.0,-0.04,0.03,-0.0
11.213,0.0,0.0,0.0,-0.04,0.03,-0.0
11.251,0.0,0.0,0.0,-0.04,0.03,-0.0
11.289,0.0,0.0,0.0,-0.05,0.02,-0.0
11.326,0.0,0.0,0.0,-0.05,0.02,-0.0
11.365,0.0,0.0,0.0,-0.06,0.01,-0.0
11.405,0.0,0.0,0.0,-0.06,0.01,-0.0
11.436,0.0,0.0,0.0,-0.07,0.01,-0.0
11.463,0.0,0.0,0.0,-0.07,0.0,-0.0
11.499,0.0,0.0,0.0,-0.08,-0.0,-0.0
11.527,0.0,0.0,0.0,-0.08,-0.01,-0.0
11.571,0.0,0.0,0.0,-0.09,-0.01,-0.0
11.596,0.0,0.0,0.0,-0.09,-0.02,-0.0
11.63,0.0,0.0,0.0,-0.1,-0.02,-0.0
11.649000000000001,0.0,0.0,0.0,-0.1,-0.02,-0.0
11.689,0.0,0.0,0.0,-0.11,-0.03,-0.0
11.722,0.0,0.0,0.0,-0.11,-0.03,-0.0
11.749,0.0,0.0,0.0,-0.11,-0.04,-0.0
11.781,0.0,0.0,0.0,-0.12,-0.04,-0.0
11.81,0.0,0.0,0.0,-0.12,-0.05,-0.0
11.845,0.0,0.0,0.0,-0.12,-0.05,-0.0
11.881,0.0,0.0,0.0,-0.12,-0.05,-0.0
11.915,0.0,0.0,0.0,-0.12,-0.06,-0.0
11.951,0.0,0.0,0.0,-0.13,-0.06,-0.0
11.986,0.0,0.0,0.0,-0.13,-0.06,-0.0
12.012,0.0,0.0,0.0,-0.13,-0.07,-0.0
12.053,0.0,0.0,0.0,-0.13,-0.07,-0.0
12.09,0.0,0.0,0.0,-0.12,-0.07,-0.0
12.117,0.0,0.0,0.0,-0.12,-0.07,-0.0
12.148,0.0,0.0,0.0,-0.12,-0.07,-0.0
12.18,0.0,0.0,0.0,-0.12,-0.07,-0.0
12.213,0.0,0.0,0.0,-0.12,-0.07,-0.0
12.25,0.0,0.0,0.0,-0.11,-0.08,-0.0
12.273,0.0,0.0,0.0,-0.11,-0.08,-0.0
12.301,0.0,0.0,0.0,-0.11,-0.07,-0.0
12.327,0.0,0.0,0.0,-0.1,-0.07,-0.0
12.358,0.0,0.0,0.0,-0.1,-0.07,-0.0
12.392,0.0,0.0,0.0,-0.1,-0.07,-0.0
12.413,0.0,0.0,0.0,-0.09,-0.07,-0.0
12.442,0.0,0.0,0.0,-0.09,-0.07,-0.0
12.469,0.0,0.0,0.0,-0.09,-0.07,-0.0
12.514,0.0,0.0,0.0,-0.08,-0.07,-0.0
12.55,0.0,0.0,0.0,-0.07,-0.06,-0.0
12.581,0.0,0.0,0.0,-0.07,-0.06,-0.0
12.605,0.0,0.0,0.0,-0.06,-0.06,-0.0
12.63,0.0,0.0,0.0,-0.06,-0.06,-0.0
12.667,0.0,0.0,0.0,-0.05,-0.05,-0.0
12.707,0.0,0.0,0.0,-0.04,-0.05,-0.0
12.745,0.0,0.0,0.0,-0.04,-0.05,-0.0
12.766,0.0,0.0,0.0,-0.03,-0.04,-0.0
12.818999999999999,0.0,0.0,0.0,-0.02,-0.04,-0.0
12.848,0.0,0.0,0.0,-0.02,-0.03,-0.0
12.883,0.0,0.0,0.0,-0.01,-0.03,-0.0
12.921,0.0,0.0,0.0,-0.0,-0.02,-0.0
12.955,0.0,0.0,0.0,0.0,-0.02,-0.0
12.984,0.0,0.0,0.0,0.01,-0.02,-0.0
13.019,0.0,0.0,0.0,0.01,-0.01,-0.0
13.051,0.0,0.0,0.0,0.02,-0.01,-0.0
13.083,0.0,0.0,0.0,0.02,-0.0,-0.0
13.112,0.0,0.0,0.0,0.03,-0.0,-0.0
13.158,0.0,0.0,0.0,0.03,0.01,-0.0
13.202,0.0,0.0,0.0,0.04,0.01,-0.0
13.244,0.0,0.0,0.0,0.04,0.01,-0.0
13.28,0.0,0.0,0.0,0.05,0.02,-0.0
13.314,0.0,0.0,0.0,0.05,0.02,-0.0
13.352,0.0,0.0,0.0,0.05,0.03,-0.0
13.39,0.0,0.0,0.0,0.06,0.03,-0.0
13.43,0.0,0.0,0.0,0.06,0.03,-0.0
13.481,0.0,0.0,0.0,0.06,0.04,-0.0
13.51,0.0,0.0,0.0,0.06,0.04,-0.0
13.529,0.0,0.0,0.0,0.06,0.04,-0.0
13.559,0.0,0.0,0.0,0.06,0.04,-0.0
13.600999999999999,0.0,0.0,0.0,0.06,0.04,-0.0
13.636,0.0,0.0,0.0,0.06,0.04,-0.0
13.669,0.0,0.0,0.0,0.06,0.05,-0.0
13.703,0.0,0.0,0.0,0.06,0.05,-0.0
13.735,0.0,0.0,0.0,0.06,0.05,-0.0
13.771,0.0,0.0,0.0,0.06,0.05,-0.0
13.802,0.0,0.0,0.0,0.05,0.05,-0.0
13.84,0.0,0.0,0.0,0.05,0.05,-0.0
13.873,0.0,0.0,0.0,0.05,0.05,-0.0
13.909,0.0,0.0,0.0,0.05,0.05,-0.0
13.945,0.0,0.0,0.0,0.04,0.04,-0.0
13.979,0.0,0.0,0.0,0.04,0.04,-0.0
14.011,0.0,0.0,0.0,0.04,0.04,-0.0
14.049,0.0,0.0,0.0,0.03,0.04,-0.0
14.08,0.0,0.0,0.0,0.03,0.04,-0.0
14.114,0.0,0.0,0.0,0.03,0.04,-0.0
14.144,0.0,0.0,0.0,0.02,0.03,-0.0
14.181,0.0,0.0,0.0,0.02,0.03,-0.0
14.216,0.0,0.0,0.0,0.01,0.03,-0.0
14.249,0.0,0.0,0.0,0.01,0.03,-0.0
14.282,0.0,0.0,0.0,0.01,0.03,-0.0
14.298,0.0,0.0,0.0,0.0,0.02,-0.0
14.339,0.0,0.0,0.0,0.0,0.02,-0.0
14.373,0.0,0.0,0.0,-0.0,0.02,-0.0
14.412,0.0,0.0,0.0,-0.01,0.02,-0.0
14.443,0.0,0.0,0.0,-0.01,0.01,-0.0
14.475999999999999,0.0,0.0,0.0,-0.01,0.01,-0.0
14.506,0.0,0.0,0.0,-0.02,0.01,-0.0
14.532,0.0,0.0,0.0,-0.02,0.01,-0.0
14.557,0.0,0.0,0.0,-0.02,0.0,-0.0
14.591,0.0,0.0,0.0,-0.03,-0.0,-0.0
14.627,0.0,0.0,0.0,-0.03,-0.0,-0.0
14.654,0.0,0.0,0.0,-0.03,-0.01,-0.0
14.692,0.0,0.0,0.0,-0.03,-0.01,-0.0
14.724,0.0,0.0,0.0,-0.04,-0.01,-0.0
14.758,0.0,0.0,0.0,-0.04,-0.01,-0.0
14.782,0.0,0.0,0.0,-0.04,-0.02,-0.0
14.813,0.0,0.0,0.0,-0.04,-0.02,-0.0
14.853,0.0,0.0,0.0,-0.04,-0.02,-0.0
14.889,0.0,0.0,0.0,-0.05,-0.02,-0.0
14.929,0.0,0.0,0.0,-0.05,-0.03,-0.0
14.962,0.0,0.0,0.0,-0.05,-0.03,-0.0
14.995,0.0,0.0,0.0,-0.05,-0.03,-0.0
15.018,0.0,0.0,0.0,-0.05,-0.03,-0.0
15.054,0.0,0.0,0.0,-0.05,-0.03,-0.0
15.086,0.0,0.0,0.0,-0.05,-0.03,-0.0
15.119,0.0,0.0,0.0,-0.05,-0.03,-0.0
15.147,0.0,0.0,0.0,-0.05,-0.04,-0.0
15.17,0.0,0.0,0.0,-0.05,-0.04,-0.0
15.205,0.0,0.0,0.0,-0.05,-0.04,-0.0
15.235,0.0,0.0,0.0,-0.05,-0.04,-0.0
15.26,0.0,0.0,0.0,-0.05,-0.04,-0.0
15.283,0.0,0.0,0.0,-0.05,-0.04,-0.0
15.316,0.0,0.0,0.0,-0.04,-0.04,-0.0
15.358,0.0,0.0,0.0,-0.04,-0.04,-0.0
15.399000000000001,0.0,0.0,0.0,-0.04,-0.04,-0.0
15.437,0.0,0.0,0.0,-0.04,-0.04,-0.0
15.477,0.0,0.0,0.0,-0.04,-0.04,-0.0
15.511,0.0,0.0,0.0,-0.03,-0.04,-0.0
15.552,0.0,0.0,0.0,-0.03,-0.04,-0.0
15.583,0.0,0.0,0.0,-0.03,-0.03,-0.0
15.625,0.0,0.0,0.0,-0.02,-0.03,-0.0
15.658,0.0,0.0,0.0,-0.02,-0.03,-0.0
15.696,0.0,0.0,0.0,-0.02,-0.03,-0.0
15.727,0.0,0.0,0.0,-0.02,-0.03,-0.0
15.753,0.0,0.0,0.0,-0.01,-0.03,-0.0
15.775,0.0,0.0,0.0,-0.01,-0.03,-0.0
15.797,0.0,0.0,0.0,-0.01,-0.03,-0.0
15.823,0.0,0.0,0.0,-0.01,-0.03,-0.0
15.842,0.0,0.0,0.0,-0.01,-0.02,-0.0
15.873,0.0,0.0,0.0,-0.0,-0.02,-0.0
15.913,0.0,0.0,0.0,-0.0,-0.02,-0.0
15.941,0.0,0.0,0.0,0.0,-0.02,-0.0
15.965,0.0,0.0,0.0,0.0,-0.02,-0.0
16.005,0.0,0.0,0.0,0.01,-0.02,-0.0
16.042,0.0,0.0,0.0,0.01,-0.01,-0.0
16.063,0.0,0.0,0.0,0.01,-0.01,-0.0
16.101,0.0,0.0,0.0,0.01,-0.01,-0.0
16.135,0.0,0.0,0.0,0.01,-0.01,-0.0
16.16,0.0,0.0,0.0,0.01,-0.01,-0.0
16.195,0.0,0.0,0.0,0.02,-0.01,-0.0
16.229,0.0,0.0,0.0,0.02,-0.0,-0.0
16.266,0.0,0.0,0.0,0.02,-0.0,-0.0
16.303,0.0,0.0,0.0,0.02,0.0,-0.0
16.34,0.0,0.0,0.0,0.02,0.0,-0.0
16.372,0.0,0.0,0.0,0.02,0.0,-0.0
16.4,0.0,0.0,0.0,0.02,0.01,-0.0
16.428,0.0,0.0,0.0,0.03,0.01,-0.0
16.459,0.0,0.0,0.0,0.03,0.01,-0.0
16.498,0.0,0.0,0.0,0.03,0.01,-0.0
16.526,0.0,0.0,0.0,0.03,0.01,-0.0
16.555,0.0,0.0,0.0,0.03,0.01,-0.0
16.579,0.0,0.0,0.0,0.03,0.01,-0.0
16.601,0.0,0.0,0.0,0.03,0.01,-0.0
16.622,0.0,0.0,0.0,0.03,0.01,-0.0
16.661,0.0,0.0,0.0,0.03,0.01,-0.0
16.691,0.0,0.0,0.0,0.03,0.01,-0.0
16.722,0.0,0.0,0.0,0.03,0.02,-0.0
16.756,0.0,0.0,0.0,0.03,0.02,-0.0
16.796,0.0,0.0,0.0,0.03,0.02,-0.0
16.835,0.0,0.0,0.0,0.02,0.02,-0.0
16.862,0.0,0.0,0.0,0.02,0.02,-0.0
16.89,0.0,0.0,0.0,0.02,0.02,-0.0
16.918,0.0,0.0,0.0,0.02,0.02,-0.0
16.95,0.0,0.0,0.0,0.02,0.02,-0.0
16.975,0.0,0.0,0.0,0.02,0.02,-0.0
17.002,0.0,0.0,0.0,0.02,0.02,-0.0
17.031,0.0,0.0,0.0,0.02,0.02,-0.0
17.055,0.0,0.0,0.0,0.02,0.02,-0.0
17.086,0.0,0.0,0.0,0.02,0.02,-0.0
17.11,0.0,0.0,0.0,0.01,0.02,-0.0
17.145,0.0,0.0,0.0,0.01,0.02,-0.0
17.176,0.0,0.0,0.0,0.01,0.02,-0.0
17.221,0.0,0.0,0.0,0.01,0.01,-0.0
17.26,0.0,0.0,0.0,0.01,0.01,-0.0
17.306,0.0,0.0,0.0,0.01,0.01,-0.0
17.334,0.0,0.0,0.0,0.01,0.01,-0.0
17.366,0.0,0.0,0.0,0.0,0.01,-0.0
17.404,0.0,0.0,0.0,0.0,0.01,-0.0
17.427,0.0,0.0,0.0,0.0,0.01,-0.0
17.459,0.0,0.0,0.0,-0.0,0.01,-0.0
17.49,0.0,0.0,0.0,-0.0,0.01,-0.0
17.514,0.0,0.0,0.0,-0.0,0.01,-0.0
17.543,0.0,0.0,0.0,-0.0,0.01,-0.0
17.569,0.0,0.0,0.0,-0.0,0.01,-0.0
17.603,0.0,0.0,0.0,-0.01,0.01,-0.0
17.629,0.0,0.0,0.0,-0.01,0.0,-0.0
17.661,0.0,0.0,0.0,-0.01,0.0,-0.0
17.684,0.0,0.0,0.0,-0.01,0.0,-0.0
17.708,0.0,0.0,0.0,-0.01,0.0,-0.0
17.742,0.0,0.0,0.0,-0.01,0.0,-0.0
17.765,0.0,0.0,0.0,-0.01,0.0,-0.0
17.787,0.0,0.0,0.0,-0.01,-0.0,-0.0
17.815,0.0,0.0,0.0,-0.01,-0.0,-0.0
17.837,0.0,0.0,0.0,-0.01,-0.0,-0.0
17.875,0.0,0.0,0.0,-0.01,-0.0,-0.0
17.915,0.0,0.0,0.0,-0.01,-0.0,-0.0
17.933,0.0,0.0,0.0,-0.01,-0.0,-0.0
17.984,0.0,0.0,0.0,-0.02,-0.01,-0.0
18.014,0.0,0.0,0.0,-0.02,-0.01,-0.0
18.037,0.0,0.0,0.0,-0.02,-0.01,-0.0
18.058,0.0,0.0,0.0,-0.02,-0.01,-0.0
18.078,0.0,0.0,0.0,-0.02,-0.01,-0.0
18.106,0.0,0.0,0.0,-0.02,-0.01,-0.0
18.132,0.0,0.0,0.0,-0.02,-0.01,-0.0
18.167,0.0,0.0,0.0,-0.02,-0.01,-0.0
18.209,0.0,0.0,0.0,-0.02,-0.01,-0.0
18.257,0.0,0.0,0.0,-0.02,-0.01,-0.0
18.299,0.0,0.0,0.0,-0.01,-0.01,-0.0
18.342,0.0,0.0,0.0,-0.01,-0.01,-0.0
18.378,0.0,0.0,0.0,-0.01,-0.01,-0.0
18.414,0.0,0.0,0.0,-0.01,-0.01,-0.0
18.444,0.0,0.0,0.0,-0.01,-0.01,-0.0
18.47,0.0,0.0,0.0,-0.01,-0.01,-0.0
18.494,0.0,0.0,0.0,-0.01,-0.01,-0.0
18.53,0.0,0.0,0.0,-0.01,-0.01,-0.0
18.574,0.0,0.0,0.0,-0.01,-0.01,-0.0
18.606,0.0,0.0,0.0,-0.01,-0.01,-0.0
18.64,0.0,0.0,0.0,-0.01,-0.01,-0.0
18.675,0.0,0.0,0.0,-0.01,-0.01,-0.0
18.701,0.0,0.0,0.0,-0.0,-0.0,-0.0
18.736,0.0,0.0,0.0,-0.0,-0.0,-0.0
18.773,0.0,0.0,0.0,-0.0,-0.0,-0.0
18.797,0.0,0.0,0.0,-0.0,-0.0,-0.0
18.822,0.0,0.0,0.0,-0.0,-0.0,-0.0
18.846,0.0,0.0,0.0,0.0,-0.0,-0.0
18.871,0.0,0.0,0.0,0.0,0.0,-0.0
18.904,0.0,0.0,0.0,0.0,0.0,-0.0
18.946,0.0,0.0,0.0,0.0,0.0,-0.0
18.974,0.0,0.0,0.0,0.0,0.0,-0.0
19.003,0.0,0.0,0.0,0.0,0.0,-0.0
19.033,0.0,0.0,0.0,0.01,0.0,-0.0
19.059,0.0,0.0,0.0,0.01,0.01,-0.0
19.077,0.0,0.0,0.0,0.01,0.01,-0.0
19.114,0.0,0.0,0.0,0.01,0.01,-0.0
19.152,0.0,0.0,0.0,0.01,0.01,-0.0
19.187,0.0,0.0,0.0,0.01,0.01,-0.0
19.224,0.0,0.0,0.0,0.01,0.01,-0.0
19.252,0.0,0.0,0.0,0.01,0.01,-0.0
19.288,0.0,0.0,0.0,0.01,0.01,-0.0
19.304,0.0,0.0,0.0,0.01,0.01,-0.0
19.34,0.0,0.0,0.0,0.01,0.01,-0.0
19.38,0.0,0.0,0.0,0.01,0.02,-0.0
19.419,0.0,0.0,0.0,0.01,0.02,-0.0
19.458,0.0,0.0,0.0,0.01,0.02,0.0
19.491,0.0,0.0,0.0,0.01,0.02,0.0
19.525,0.0,0.0,0.0,0.01,0.02,0.0
19.546,0.0,0.0,0.0,0.01,0.02,0.0
19.582,0.0,0.0,0.0,0.01,0.02,0.0
19.612,0.0,0.0,0.0,0.01,0.02,0.0
19.636,0.0,0.0,0.0,0.01,0.02,-0.0
19.666,0.0,0.0,0.0,0.01,0.02,-0.0
19.69,0.0,0.0,0.0,0.01,0.02,-0.0
19.712,0.0,0.0,0.0,0.01,0.02,-0.0
19.734,0.0,0.0,0.0,0.01,0.02,-0.0
19.753,0.0,0.0,0.0,0.01,0.02,-0.0
19.776,0.0,0.0,0.0,0.01,0.02,-0.0
19.794,0.0,0.0,0.0,0.01,0.02,-0.0
19.824,0.0,0.0,0.0,0.01,0.02,-0.0
19.849,0.0,0.0,0.0,0.01,0.02,-0.0
19.876,0.0,0.0,0.0,0.01,0.02,-0.0
19.897,0.0,0.0,0.0,0.01,0.02,-0.0
19.918,0.0,0.0,0.0,0.01,0.02,-0.0
19.941,0.0,0.0,0.0,0.01,0.02,-0.0
19.966,0.0,0.0,0.0,0.01,0.02,-0.0
19.986,0.0,0.0,0.0,0.01,0.02,-0.0
20.011,0.0,0.0,0.0,0.0,0.02,-0.0
20.034,0.0,0.0,0.0,0.0,0.02,-0.0
20.057,0.0,0.0,0.0,0.0,0.02,-0.0
20.085,0.0,0.0,0.0,0.0,0.02,-0.0
20.113,0.0,0.0,0.0,0.0,0.02,-0.0
20.141,0.0,0.0,0.0,0.0,0.02,-0.0
20.168,0.0,0.0,0.0,0.0,0.02,-0.0
20.2,0.0,0.0,0.0,-0.0,0.02,-0.0
20.224,0.0,0.0,0.0,-0.0,0.02,-0.0
20.252,0.0,0.0,0.0,-0.0,0.02,-0.0
20.281,0.0,0.0,0.0,-0.0,0.02,-0.0
20.3,0.0,0.0,0.0,-0.0,0.01,-0.0
20.337,0.0,0.0,0.0,-0.0,0.01,-0.0
20.369,0.0,0.0,0.0,-0.01,0.01,-0.0
20.399,0.0,0.0,0.0,-0.01,0.01,-0.0
20.423,0.0,0.0,0.0,-0.01,0.01,-0.0
20.443,0.0,0.0,0.0,-0.01,0.01,-0.0
20.468,0.0,0.0,0.0,-0.01,0.01,-0.0
20.494,0.0,0.0,0.0,-0.01,0.01,-0.0
20.509,0.0,0.0,0.0,-0.01,0.01,-0.0
20.533,0.0,0.0,0.0,-0.01,0.01,-0.0
20.564,0.0,0.0,0.0,-0.01,0.01,-0.0
20.571,0.0,0.0,0.0,-0.01,0.01,-0.0
20.601,0.0,0.0,0.0,-0.01,0.01,-0.0
20.603,0.0,0.0,0.0,-0.01,0.01,-0.0
20.667,0.0,0.0,0.0,-0.01,0.01,-0.0
20.686,0.0,0.0,0.0,-0.01,0.01,-0.0
20.713,0.0,0.0,0.0,-0.01,0.0,-0.0
20.743,0.0,0.0,0.0,-0.02,0.0,-0.0
20.768,0.0,0.0,0.0,-0.02,0.0,-0.0
20.797,0.0,0.0,0.0,-0.02,0.0,-0.0
20.822,0.0,0.0,0.0,-0.02,0.0,-0.0
20.849,0.0,0.0,0.0,-0.02,0.0,-0.0
20.887,0.0,0.0,0.0,-0.02,0.0,-0.0
20.91,0.0,0.0,0.0,-0.02,0.0,-0.0
20.936,0.0,0.0,0.0,-0.02,-0.0,-0.0
20.962,0.0,0.0,0.0,-0.02,-0.0,-0.0
20.993,0.0,0.0,0.0,-0.02,-0.0,-0.0
21.031,0.0,0.0,0.0,-0.02,-0.0,-0.0
21.071,0.0,0.0,0.0,-0.02,-0.0,-0.0
21.106,0.0,0.0,0.0,-0.02,-0.0,-0.0
21.13,0.0,0.0,0.0,-0.02,-0.0,-0.0
21.157,0.0,0.0,0.0,-0.02,-0.0,-0.0
21.206,0.0,0.0,0.0,-0.02,-0.0,-0.0
21.237,0.0,0.0,0.0,-0.02,-0.0,-0.0
21.259,0.0,0.0,0.0,-0.02,-0.0,-0.0
21.285,0.0,0.0,0.0,-0.02,-0.01,-0.0
21.318,0.0,0.0,0.0,-0.02,-0.01,-0.0
21.357,0.0,0.0,0.0,-0.02,-0.01,-0.0
21.398,0.0,0.0,0.0,-0.02,-0.01,-0.0
21.431,0.0,0.0,0.0,-0.02,-0.01,-0.0
21.464,0.0,0.0,0.0,-0.02,-0.01,-0.0
21.492,0.0,0.0,0.0,-0.02,-0.01,-0.0
21.517,0.0,0.0,0.0,-0.02,-0.01,-0.0
21.551,0.0,0.0,0.0,-0.02,-0.01,-0.0
21.574,0.0,0.0,0.0,-0.02,-0.01,-0.0
21.595,0.0,0.0,0.0,-0.02,-0.01,-0.0
21.615,0.0,0.0,0.0,-0.02,-0.01,-0.0
21.64,0.0,0.0,0.0,-0.02,-0.01,-0.0
21.669,0.0,0.0,0.0,-0.02,-0.01,-0.0
21.692,0.0,0.0,0.0,-0.02,-0.01,-0.0
21.723,0.0,0.0,0.0,-0.02,-0.01,-0.0
21.753,0.0,0.0,0.0,-0.02,-0.01,-0.0
21.782,0.0,0.0,0.0,-0.02,-0.0,-0.0
21.815,0.0,0.0,0.0,-0.01,-0.0,-0.0
21.849,0.0,0.0,0.0,-0.01,-0.0,-0.0
21.877,0.0,0.0,0.0,-0.01,-0.0,-0.0
21.91,0.0,0.0,0.0,-0.01,-0.0,-0.0
21.949,0.0,0.0,0.0,-0.01,-0.0,-0.0
21.987,0.0,0.0,0.0,-0.01,-0.0,-0.0
22.033,0.0,0.0,0.0,-0.01,-0.0,-0.0
22.074,0.0,0.0,0.0,-0.01,-0.0,-0.0
22.106,0.0,0.0,0.0,-0.01,-0.0,-0.0
22.139,0.0,0.0,0.0,-0.01,-0.0,-0.0
22.166,0.0,0.0,0.0,-0.01,-0.0,-0.0
22.189,0.0,0.0,0.0,-0.01,-0.0,-0.0
22.208,0.0,0.0,0.0,-0.01,-0.0,-0.0
22.225,0.0,0.0,0.0,-0.01,-0.0,-0.0
22.257,0.0,0.0,0.0,-0.01,-0.0,-0.0
22.294,0.0,0.0,0.0,-0.0,-0.0,-0.0
22.323,0.0,0.0,0.0,-0.0,-0.0,-0.0
22.362,0.0,0.0,0.0,-0.0,-0.0,-0.0
22.391,0.0,0.0,0.0,-0.0,-0.0,-0.0
22.416,0.0,0.0,0.0,-0.0,-0.0,-0.0
22.455,0.0,0.0,0.0,-0.0,-0.0,-0.0
22.487,0.0,0.0,0.0,-0.0,-0.0,-0.0
22.524,0.0,0.0,0.0,-0.0,-0.0,-0.0
22.557,0.0,0.0,0.0,-0.0,0.0,-0.0
22.589,0.0,0.0,0.0,-0.0,0.0,-0.0
22.614,0.0,0.0,0.0,-0.0,0.0,-0.0
22.646,0.0,0.0,0.0,-0.0,0.0,-0.0
22.67,0.0,0.0,0.0,-0.0,0.0,-0.0
22.701999999999998,0.0,0.0,0.0,0.0,0.0,-0.0
22.729,0.0,0.0,0.0,0.0,0.0,-0.0
22.759,0.0,0.0,0.0,0.0,0.0,-0.0
22.79,0.0,0.0,0.0,0.0,0.0,-0.0
22.823,0.0,0.0,0.0,0.0,0.0,-0.0
22.854,0.0,0.0,0.0,0.0,0.0,-0.0
22.887,0.0,0.0,0.0,0.0,0.0,-0.0
22.925,0.0,0.0,0.0,0.0,0.0,-0.0
22.958,0.0,0.0,0.0,0.0,0.0,-0.0
22.981,0.0,0.0,0.0,0.0,0.0,-0.0
23.022,0.0,0.0,0.0,0.0,0.0,-0.0
23.062,0.0,0.0,0.0,0.0,0.0,-0.0
23.102,0.0,0.0,0.0,0.0,-0.0,-0.0
23.133,0.0,0.0,0.0,0.0,-0.0,-0.0
23.154,0.0,0.0,0.0,0.0,-0.0,-0.0
23.189,0.0,0.0,0.0,0.0,-0.0,-0.0
23.216,0.0,0.0,0.0,0.0,-0.0,-0.0
23.236,0.0,0.0,0.0,0.0,-0.0,-0.0
23.274,0.0,0.0,0.0,-0.0,-0.0,-0.0
23.324,0.0,0.0,0.0,-0.0,-0.0,-0.0
23.347,0.0,0.0,0.0,-0.0,-0.0,-0.0
23.381,0.0,0.0,0.0,-0.0,-0.0,0.0
23.419,0.0,0.0,0.0,-0.0,-0.0,0.0
23.461,0.0,0.0,0.0,-0.0,-0.0,0.0
23.498,0.0,0.0,0.0,-0.0,-0.0,0.0
23.53,0.0,0.0,0.0,-0.0,-0.0,0.0
23.571,0.0,0.0,0.0,-0.0,-0.0,0.0
23.611,0.0,0.0,0.0,-0.0,-0.0,0.0
23.64,0.0,0.0,0.0,-0.0,-0.0,0.0
23.669,0.0,0.0,0.0,-0.0,-0.0,0.0
23.704,0.0,0.0,0.0,-0.0,-0.0,0.0
23.737,0.0,0.0,0.0,-0.0,-0.0,0.0
23.773,0.0,0.0,0.0,-0.0,-0.0,0.0
23.796,0.0,0.0,0.0,-0.0,-0.01,0.0
23.825,0.0,0.0,0.0,-0.01,-0.01,0.0
23.857,0.0,0.0,0.0,-0.01,-0.01,0.0
23.901,0.0,0.0,0.0,-0.01,-0.01,0.0
23.947,0.0,0.0,0.0,-0.01,-0.01,0.0
23.987,0.0,0.0,0.0,-0.01,-0.01,0.0
24.022,0.0,0.0,0.0,-0.01,-0.01,0.0
24.057,0.0,0.0,0.0,-0.01,-0.01,0.0
24.097,0.0,0.0,0.0,-0.01,-0.01,0.0
24.129,0.0,0.0,0.0,-0.01,-0.01,0.0
24.154,0.0,0.0,0.0,-0.01,-0.01,0.0
24.181,0.0,0.0,0.0,-0.01,-0.01,0.0
24.214,0.0,0.0,0.0,-0.01,-0.01,0.0
24.238,0.0,0.0,0.0,-0.01,-0.01,0.0
24.259,0.0,0.0,0.0,-0.01,-0.01,0.0
24.276,0.0,0.0,0.0,-0.01,-0.01,0.0
24.312,0.0,0.0,0.0,-0.01,-0.01,0.0
24.333,0.0,0.0,0.0,-0.01,-0.01,0.0
24.37,0.0,0.0,0.0,-0.01,-0.01,0.0
24.403,0.0,0.0,0.0,-0.01,-0.01,0.0
24.434,0.0,0.0,0.0,-0.01,-0.01,0.0
24.462,0.0,0.0,0.0,-0.01,-0.01,0.0
24.492,0.0,0.0,0.0,-0.01,-0.01,0.0
24.515,0.0,0.0,0.0,-0.01,-0.01,0.0
24.527,0.0,0.0,0.0,-0.01,-0.01,0.0
24.545,0.0,0.0,0.0,-0.01,-0.01,0.0
24.555,0.0,0.0,0.0,-0.01,-0.01,0.0
24.566,0.0,0.0,0.0,-0.01,-0.01,0.0
24.574,0.0,0.0,0.0,-0.01,-0.01,0.0
24.589,0.0,0.0,0.0,-0.01,-0.01,0.0
24.609,0.0,0.0,0.0,-0.01,-0.01,0.0
24.621,0.0,0.0,0.0,-0.01,-0.01,0.0
24.635,0.0,0.0,0.0,-0.01,-0.01,0.0
24.649,0.0,0.0,0.0,-0.01,-0.01,0.0
24.663,0.0,0.0,0.0,-0.01,-0.01,0.0
24.691,0.0,0.0,0.0,-0.0,-0.01,0.0
24.715,0.0,0.0,0.0,-0.0,-0.01,0.0
24.734,0.0,0.0,0.0,-0.0,-0.01,0.0
24.777,0.0,0.0,0.0,-0.0,-0.01,0.0
24.799,0.0,0.0,0.0,-0.0,-0.01,0.0
24.82,0.0,0.0,0.0,-0.0,-0.01,0.0
24.84,0.0,0.0,0.0,-0.0,-0.0,0.0
24.87,0.0,0.0,0.0,-0.0,-0.0,0.0
24.886,0.0,0.0,0.0,-0.0,-0.0,-0.0
24.914,0.0,0.0,0.0,-0.0,-0.0,-0.0
24.944,0.0,0.0,0.0,-0.0,-0.0,-0.0
24.977,0.0,0.0,0.0,-0.0,-0.0,-0.0
25.0,0.0,0.0,0.0,-0.0,-0.0,-0.0
25.039,0.0,0.0,0.0,-0.0,-0.0,-0.0
25.07,0.0,0.0,0.0,-0.0,-0.0,-0.0
25.104,0.0,0.0,0.0,-0.0,-0.0,-0.0
25.142,0.0,0.0,0.0,0.0,-0.0,-0.0
25.177,0.0,0.0,0.0,0.0,-0.0,-0.0
25.215,0.0,0.0,0.0,0.0,-0.0,-0.0
25.252,0.0,0.0,0.0,0.0,-0.0,-0.0
25.286,0.0,0.0,0.0,0.0,-0.0,-0.0
25.325,0.0,0.0,0.0,0.0,-0.0,-0.0
25.363,0.0,0.0,0.0,0.0,-0.0,-0.0
25.4,0.0,0.0,0.0,0.0,-0.0,-0.0
25.439,0.0,0.0,0.0,0.0,-0.0,-0.0
25.464,0.0,0.0,0.0,0.0,-0.0,-0.0
25.503,0.0,0.0,0.0,0.0,0.0,-0.0
25.538,0.0,0.0,0.0,0.0,0.0,-0.0
25.568,0.0,0.0,0.0,0.0,0.0,-0.0
25.6,0.0,0.0,0.0,0.0,0.0,-0.0
25.632,0.0,0.0,0.0,0.01,0.0,-0.0
25.664,0.0,0.0,0.0,0.01,0.0,0.0
25.701999999999998,0.0,0.0,0.0,0.01,0.0,0.0
25.731,0.0,0.0,0.0,0.01,0.0,0.0
25.772,0.0,0.0,0.0,0.01,0.0,0.0
25.807,0.0,0.0,0.0,0.01,0.0,0.0
25.843,0.0,0.0,0.0,0.01,0.0,0.0
25.877,0.0,0.0,0.0,0.01,0.0,0.0
25.907,0.0,0.0,0.0,0.01,0.0,0.0
25.934,0.0,0.0,0.0,0.01,0.0,0.0
25.959,0.0,0.0,0.0,0.01,0.0,0.0
25.984,0.0,0.0,0.0,0.01,0.0,0.0
26.018,0.0,0.0,0.0,0.0,0.0,0.0
26.051,0.0,0.0,0.0,0.0,0.0,0.0
26.083,0.0,0.0,0.0,0.0,0.0,0.0
26.122,0.0,0.0,0.0,0.0,0.0,0.0
26.155,0.0,0.0,0.0,0.0,0.0,0.0
26.182,0.0,0.0,0.0,0.0,0.0,0.0
26.228,0.0,0.0,0.0,0.0,0.0,0.0
26.26,0.0,0.0,0.0,0.0,0.0,0.0
26.284,0.0,0.0,0.0,0.0,0.0,0.0
26.311,0.0,0.0,0.0,0.0,0.0,0.0
26.338,0.0,0.0,0.0,0.0,0.0,0.0
26.362,0.0,0.0,0.0,0.0,0.0,0.0
26.4,0.0,0.0,0.0,0.0,0.0,0.0
26.436,0.0,0.0,0.0,0.0,0.0,0.0
26.462,0.0,0.0,0.0,0.0,0.0,0.0
26.491,0.0,0.0,0.0,0.0,0.0,0.0
26.525,0.0,0.0,0.0,0.0,0.0,0.0
26.537,0.0,0.0,0.0,0.0,0.0,0.0
26.563,0.0,0.0,0.0,-0.0,0.0,0.0
26.582,0.0,0.0,0.0,-0.0,0.0,0.0
26.606,0.0,0.0,0.0,-0.0,-0.0,0.0
26.634,0.0,0.0,0.0,-0.0,-0.0,0.0
26.66,0.0,0.0,0.0,-0.0,-0.0,0.0
26.694,0.0,0.0,0.0,-0.0,-0.0,0.0
26.729,0.0,0.0,0.0,-0.0,-0.0,0.0
26.753,0.0,0.0,0.0,-0.0,-0.0,0.0
26.786,0.0,0.0,0.0,-0.0,-0.0,0.0
26.81,0.0,0.0,0.0,-0.0,-0.0,0.0
26.839,0.0,0.0,0.0,-0.0,-0.0,0.0
26.868,0.0,0.0,0.0,-0.0,-0.0,0.0
26.891,0.0,0.0,0.0,-0.0,-0.0,0.0
26.915,0.0,0.0,0.0,-0.0,-0.0,0.0
26.946,0.0,0.0,0.0,-0.0,-0.0,0.0
26.971,0.0,0.0,0.0,-0.0,-0.0,0.0
27.008,0.0,0.0,0.0,-0.0,-0.0,0.0
27.04,0.0,0.0,0.0,-0.01,-0.0,0.0
27.074,0.0,0.0,0.0,-0.01,-0.0,0.0
27.101,0.0,0.0,0.0,-0.01,-0.0,0.0
27.132,0.0,0.0,0.0,-0.01,-0.0,0.0
27.162,0.0,0.0,0.0,-0.01,-0.0,0.0
27.185,0.0,0.0,0.0,-0.01,-0.0,0.0
27.22,0.0,0.0,0.0,-0.0,-0.0,0.0
27.243,0.0,0.0,0.0,-0.0,-0.0,0.0
27.279,0.0,0.0,0.0,-0.0,-0.0,0.0
27.313,0.0,0.0,0.0,-0.0,-0.0,0.0
27.361,0.0,0.0,0.0,-0.0,-0.0,0.0
27.385,0.0,0.0,0.0,-0.0,-0.0,0.0
27.421,0.0,0.0,0.0,-0.0,-0.0,0.0
27.461,0.0,0.0,0.0,-0.0,-0.0,0.0
27.488,0.0,0.0,0.0,-0.0,-0.0,0.0
27.514,0.0,0.0,0.0,-0.0,-0.0,0.0
27.546,0.0,0.0,0.0,-0.0,-0.0,0.0
27.576999999999998,0.0,0.0,0.0,-0.0,-0.0,0.0
27.612,0.0,0.0,0.0,-0.0,-0.0,0.0
27.648,0.0,0.0,0.0,0.0,-0.0,0.0
27.686,0.0,0.0,0.0,0.0,-0.0,-0.0
27.725,0.0,0.0,0.0,0.0,-0.0,-0.0
27.76,0.0,0.0,0.0,0.0,-0.0,-0.0
27.793,0.0,0.0,0.0,0.0,-0.0,-0.0
27.821,0.0,0.0,0.0,0.0,-0.0,-0.0
27.853,0.0,0.0,0.0,0.0,-0.0,-0.0
27.886,0.0,0.0,0.0,0.0,-0.0,-0.0
27.913,0.0,0.0,0.0,0.0,-0.0,-0.0
27.945,0.0,0.0,0.0,0.01,-0.0,-0.0
27.973,0.0,0.0,0.0,0.01,-0.0,-0.0
28.003,0.0,0.0,0.0,0.01,-0.0,-0.0
28.022,0.0,0.0,0.0,0.01,-0.0,-0.0
28.045,0.0,0.0,0.0,0.01,-0.0,-0.0
28.072,0.0,0.0,0.0,0.01,-0.0,-0.0
28.101,0.0,0.0,0.0,0.01,-0.0,-0.0
28.123,0.0,0.0,0.0,0.01,-0.0,-0.0
28.157,0.0,0.0,0.0,0.01,-0.0,-0.0
28.188,0.0,0.0,0.0,0.01,-0.0,-0.0
28.222,0.0,0.0,0.0,0.01,-0.0,-0.0
28.262,0.0,0.0,0.0,0.01,-0.0,-0.0
28.3,0.0,0.0,0.0,0.01,-0.0,-0.0
28.341,0.0,0.0,0.0,0.01,-0.0,-0.0
28.373,0.0,0.0,0.0,0.01,-0.0,-0.0
28.413,0.0,0.0,0.0,0.01,-0.0,-0.0
28.451,0.0,0.0,0.0,0.01,0.0,-0.0
28.49,0.0,0.0,0.0,0.01,0.0,0.0
28.524,0.0,0.0,0.0,0.01,0.0,0.0
28.546,0.0,0.0,0.0,0.01,0.0,0.0
28.565,0.0,0.0,0.0,0.01,0.0,0.0
28.591,0.0,0.0,0.0,0.01,0.0,0.0
28.617,0.0,0.0,0.0,0.01,0.0,0.0
28.655,0.0,0.0,0.0,0.01,0.0,0.0
28.692,0.0,0.0,0.0,0.01,0.0,0.0
28.733,0.0,0.0,0.0,0.01,0.0,0.0
28.762,0.0,0.0,0.0,0.01,0.0,0.0
28.782,0.0,0.0,0.0,0.01,0.0,0.0
28.808,0.0,0.0,0.0,0.01,0.0,0.0
28.835,0.0,0.0,0.0,0.01,0.0,0.0
28.86,0.0,0.0,0.0,0.01,0.0,0.0
28.881,0.0,0.0,0.0,0.01,0.0,0.0
28.913,0.0,0.0,0.0,0.01,0.0,0.0
28.948,0.0,0.0,0.0,0.01,0.0,0.0
28.978,0.0,0.0,0.0,0.01,0.0,0.0
29.007,0.0,0.0,0.0,0.01,0.0,0.0
29.036,0.0,0.0,0.0,0.01,0.0,0.0
29.067,0.0,0.0,0.0,0.01,0.0,0.0
29.094,0.0,0.0,0.0,0.01,0.0,-0.0
29.132,0.0,0.0,0.0,0.01,0.0,-0.0
29.175,0.0,0.0,0.0,0.01,0.0,-0.0
29.219,0.0,0.0,0.0,0.01,0.0,-0.0
29.258,0.0,0.0,0.0,0.0,0.0,-0.0
29.298,0.0,0.0,0.0,0.0,0.0,-0.0
29.338,0.0,0.0,0.0,0.0,0.0,-0.0
29.375,0.0,0.0,0.0,0.0,0.0,-0.0
29.412,0.0,0.0,0.0,0.0,0.0,-0.0
29.44,0.0,0.0,0.0,0.0,0.0,-0.0
29.469,0.0,0.0,0.0,0.0,0.0,-0.0
29.498,0.0,0.0,0.0,0.0,0.0,-0.0
29.535,0.0,0.0,0.0,0.0,0.0,-0.0
29.578,0.0,0.0,0.0,0.0,0.0,-0.0
29.614,0.0,0.0,0.0,0.0,0.0,-0.0
29.659,0.0,0.0,0.0,-0.0,0.0,-0.0
29.686,0.0,0.0,0.0,-0.0,0.0,-0.0
29.728,0.0,0.0,0.0,-0.0,0.0,-0.0
29.758,0.0,0.0,0.0,-0.0,0.0,-0.0
29.796,0.0,0.0,0.0,-0.0,0.0,-0.0
29.835,0.0,0.0,0.0,-0.0,0.0,-0.0
29.874,0.0,0.0,0.0,-0.0,0.0,-0.0
29.901,0.0,0.0,0.0,-0.0,0.0,-0.0
29.926,0.0,0.0,0.0,-0.0,0.0,-0.0
29.951999999999998,0.0,0.0,0.0,-0.0,0.0,-0.0
29.994,0.0,0.0,0.0,-0.0,0.0,-0.0
30.024,0.0,0.0,0.0,-0.0,0.0,-0.0
30.051,0.0,0.0,0.0,-0.0,0.0,-0.0
30.089,0.0,0.0,0.0,-0.0,0.0,-0.0
30.121,0.0,0.0,0.0,-0.0,0.0,-0.0
30.147,0.0,0.0,0.0,-0.0,0.0,-0.0
30.169,0.0,0.0,0.0,-0.0,0.0,-0.0
30.197,0.0,0.0,0.0,-0.0,0.0,-0.0
30.224,0.0,0.0,0.0,-0.0,0.0,0.0
30.248,0.0,0.0,0.0,-0.0,0.0,0.0
30.274,0.0,0.0,0.0,-0.0,0.0,0.0
30.304,0.0,0.0,0.0,-0.0,0.0,0.0
30.336,0.0,0.0,0.0,-0.0,0.0,0.0
30.365,0.0,0.0,0.0,-0.0,0.0,0.0
30.395,0.0,0.0,0.0,-0.0,0.0,0.0
30.414,0.0,0.0,0.0,-0.0,-0.0,0.0
30.438,0.0,0.0,0.0,-0.0,-0.0,0.0
30.462,0.0,0.0,0.0,-0.0,-0.0,0.0
30.484,0.0,0.0,0.0,-0.0,-0.0,0.0
30.508,0.0,0.0,0.0,-0.0,-0.0,0.0
30.533,0.0,0.0,0.0,-0.0,-0.0,0.0
30.56,0.0,0.0,0.0,-0.0,-0.0,0.0
30.578,0.0,0.0,0.0,-0.0,-0.0,0.0
30.6,0.0,0.0,0.0,-0.0,-0.0,0.0
30.626,0.0,0.0,0.0,-0.0,-0.0,0.0
30.641,0.0,0.0,0.0,0.0,-0.0,0.0
30.665,0.0,0.0,0.0,0.0,-0.0,0.0
30.688,0.0,0.0,0.0,0.0,-0.0,0.0
30.71,0.0,0.0,0.0,0.0,-0.0,0.0
30.734,0.0,0.0,0.0,0.0,-0.0,0.0
30.755,0.0,0.0,0.0,0.0,-0.0,0.0
30.776,0.0,0.0,0.0,0.0,-0.0,0.0
30.806,0.0,0.0,0.0,0.0,-0.0,0.0
30.832,0.0,0.0,0.0,0.0,-0.0,0.0
30.857,0.0,0.0,0.0,0.0,-0.0,0.0
30.881,0.0,0.0,0.0,0.0,-0.0,-0.0
30.904,0.0,0.0,0.0,0.0,-0.0,-0.0
30.925,0.0,0.0,0.0,0.01,-0.0,-0.0
30.954,0.0,0.0,0.0,0.01,-0.0,-0.0
30.982,0.0,0.0,0.0,0.01,-0.0,-0.0
31.008,0.0,0.0,0.0,0.01,-0.0,-0.0
31.035,0.0,0.0,0.0,0.01,-0.0,-0.0
31.07,0.0,0.0,0.0,0.01,-0.0,-0.0
31.102,0.0,0.0,0.0,0.01,-0.0,-0.0
31.129,0.0,0.0,0.0,0.01,-0.0,-0.0
31.145,0.0,0.0,0.0,0.01,-0.0,-0.0
31.163,0.0,0.0,0.0,0.01,-0.0,-0.0
31.182,0.0,0.0,0.0,0.01,-0.0,-0.0
31.204,0.0,0.0,0.0,0.01,-0.0,-0.0
31.237,0.0,0.0,0.0,0.01,-0.0,-0.0
31.267,0.0,0.0,0.0,0.01,-0.0,-0.0
31.296,0.0,0.0,0.0,0.01,-0.0,-0.0
31.332,0.0,0.0,0.0,0.02,-0.0,-0.0
31.363,0.0,0.0,0.0,0.02,-0.0,-0.0
31.404,0.0,0.0,0.0,0.02,-0.01,-0.0
31.447,0.0,0.0,0.0,0.02,-0.01,-0.0
31.489,0.0,0.0,0.0,0.02,-0.01,-0.0
31.526,0.0,0.0,0.0,0.02,-0.01,-0.0
31.558,0.0,0.0,0.0,0.02,-0.01,-0.0
31.594,0.0,0.0,0.0,0.02,-0.01,-0.0
31.642,0.0,0.0,0.0,0.02,-0.01,-0.0
31.686,0.0,0.0,0.0,0.02,-0.01,-0.0
31.722,0.0,0.0,0.0,0.02,-0.01,-0.0
31.765,0.0,0.0,0.0,0.02,-0.01,-0.0
31.807,0.0,0.0,0.0,0.02,-0.01,-0.0
31.847,0.0,0.0,0.0,0.02,-0.01,-0.0
31.873,0.0,0.0,0.0,0.02,-0.01,-0.0
31.904,0.0,0.0,0.0,0.02,-0.01,-0.0
31.932,0.0,0.0,0.0,0.02,-0.01,-0.0
31.962,0.0,0.0,0.0,0.02,-0.01,-0.0
32.002,0.0,0.0,0.0,0.02,-0.01,-0.0
32.036,0.0,0.0,0.0,0.02,-0.01,-0.0
32.061,0.0,0.0,0.0,0.02,-0.01,-0.0
32.09,0.0,0.0,0.0,0.02,-0.01,-0.0
32.12,0.0,0.0,0.0,0.02,-0.01,-0.0
32.147,0.0,0.0,0.0,0.02,-0.01,0.0
32.181,0.0,0.0,0.0,0.02,-0.01,0.0
32.217,0.0,0.0,0.0,0.02,-0.01,0.0
32.253,0.0,0.0,0.0,0.02,-0.01,0.0
32.284,0.0,0.0,0.0,0.02,-0.01,0.0
32.321,0.0,0.0,0.0,0.02,-0.01,0.0
32.357,0.0,0.0,0.0,0.01,-0.01,0.0
32.394,0.0,0.0,0.0,0.01,-0.01,0.0
32.432,0.0,0.0,0.0,0.01,-0.01,0.0
32.473,0.0,0.0,0.0,0.01,-0.01,0.0
32.506,0.0,0.0,0.0,0.01,-0.01,0.0
32.539,0.0,0.0,0.0,0.01,-0.01,0.0
32.577,0.0,0.0,0.0,0.01,-0.01,0.0
32.612,0.0,0.0,0.0,0.01,-0.0,0.0
32.639,0.0,0.0,0.0,0.01,-0.0,0.0
32.667,0.0,0.0,0.0,0.0,-0.0,0.0
32.695,0.0,0.0,0.0,0.0,-0.0,0.0
32.729,0.0,0.0,0.0,0.0,-0.0,0.0
32.753,0.0,0.0,0.0,0.0,-0.0,0.0
32.782,0.0,0.0,0.0,-0.0,-0.0,0.0
32.817,0.0,0.0,0.0,-0.0,-0.0,0.0
32.854,0.0,0.0,0.0,-0.0,-0.0,0.0
32.896,0.0,0.0,0.0,-0.0,-0.0,0.0
32.926,0.0,0.0,0.0,-0.0,-0.0,0.0
32.961,0.0,0.0,0.0,-0.01,-0.0,0.0
33.0,0.0,0.0,0.0,-0.01,-0.0,0.0
33.024,0.0,0.0,0.0,-0.01,-0.0,0.0
33.061,0.0,0.0,0.0,-0.01,-0.0,0.0
33.097,0.0,0.0,0.0,-0.01,-0.0,0.0
33.123,0.0,0.0,0.0,-0.01,-0.0,0.0
33.161,0.0,0.0,0.0,-0.01,-0.0,0.0
33.197,0.0,0.0,0.0,-0.01,-0.0,0.0
33.224,0.0,0.0,0.0,-0.01,-0.0,0.0
33.252,0.0,0.0,0.0,-0.01,-0.0,0.0
33.284,0.0,0.0,0.0,-0.01,-0.0,0.0
33.3,0.0,0.0,0.0,-0.01,-0.0,0.0
33.325,0.0,0.0,0.0,-0.01,-0.0,0.0
33.352,0.0,0.0,0.0,-0.01,-0.0,0.0
33.377,0.0,0.0,0.0,-0.01,-0.0,0.0
33.402,0.0,0.0,0.0,-0.01,-0.0,0.0
33.428,0.0,0.0,0.0,-0.01,-0.0,0.0
33.463,0.0,0.0,0.0,-0.02,-0.0,0.0
33.498,0.0,0.0,0.0,-0.02,-0.0,0.0
33.534,0.0,0.0,0.0,-0.02,-0.0,0.0
33.57,0.0,0.0,0.0,-0.02,-0.0,0.0
33.613,0.0,0.0,0.0,-0.02,-0.0,0.0
33.649,0.0,0.0,0.0,-0.02,-0.0,0.0
33.686,0.0,0.0,0.0,-0.02,-0.0,0.0
33.718,0.0,0.0,0.0,-0.02,-0.0,0.0
33.759,0.0,0.0,0.0,-0.02,-0.0,0.0
33.795,0.0,0.0,0.0,-0.02,-0.0,0.0
33.822,0.0,0.0,0.0,-0.01,-0.0,0.0
33.851,0.0,0.0,0.0,-0.01,-0.0,0.0
33.889,0.0,0.0,0.0,-0.01,-0.0,0.0
33.927,0.0,0.0,0.0,-0.01,-0.0,0.0
33.961,0.0,0.0,0.0,-0.01,-0.0,0.0
33.996,0.0,0.0,0.0,-0.01,-0.01,0.0
34.019,0.0,0.0,0.0,-0.01,-0.01,0.0
34.052,0.0,0.0,0.0,-0.01,-0.01,0.0
34.083,0.0,0.0,0.0,-0.01,-0.01,0.0
34.115,0.0,0.0,0.0,-0.01,-0.01,0.0
34.15,0.0,0.0,0.0,-0.01,-0.01,0.0
34.188,0.0,0.0,0.0,-0.01,-0.01,0.0
34.223,0.0,0.0,0.0,-0.01,-0.01,0.0
34.263,0.0,0.0,0.0,-0.01,-0.01,0.0
34.297,0.0,0.0,0.0,-0.01,-0.01,-0.0
34.327,0.0,0.0,0.0,-0.01,-0.01,-0.0
34.36,0.0,0.0,0.0,-0.01,-0.01,-0.0
34.386,0.0,0.0,0.0,-0.01,-0.01,-0.0
34.437,0.0,0.0,0.0,-0.01,-0.01,-0.0
34.474,0.0,0.0,0.0,-0.01,-0.01,-0.0
34.511,0.0,0.0,0.0,-0.0,-0.01,-0.0
34.549,0.0,0.0,0.0,-0.0,-0.01,-0.0
34.582,0.0,0.0,0.0,-0.0,-0.01,-0.0
34.619,0.0,0.0,0.0,-0.0,-0.01,-0.0
34.631,0.0,0.0,0.0,-0.0,-0.01,-0.0
34.644,0.0,0.0,0.0,-0.0,-0.01,-0.0
34.662,0.0,0.0,0.0,-0.0,-0.01,-0.0
34.682,0.0,0.0,0.0,-0.0,-0.01,-0.0
34.702,0.0,0.0,0.0,-0.0,-0.01,-0.0
34.723,0.0,0.0,0.0,-0.0,-0.01,-0.0
34.754,0.0,0.0,0.0,-0.0,-0.01,-0.0
34.791,0.0,0.0,0.0,-0.0,-0.01,-0.0
34.823,0.0,0.0,0.0,-0.0,-0.01,-0.0
34.853,0.0,0.0,0.0,0.0,-0.01,-0.0
34.885,0.0,0.0,0.0,0.0,-0.01,-0.0
34.914,0.0,0.0,0.0,0.0,-0.01,-0.0
34.945,0.0,0.0,0.0,0.0,-0.01,-0.0
34.977,0.0,0.0,0.0,0.0,-0.01,-0.0
35.006,0.0,0.0,0.0,0.0,-0.01,-0.0
35.031,0.0,0.0,0.0,0.0,-0.01,-0.0
35.06,0.0,0.0,0.0,0.0,-0.01,-0.0
35.093,0.0,0.0,0.0,0.0,-0.01,-0.0
35.111,0.0,0.0,0.0,0.0,-0.01,-0.0
35.135,0.0,0.0,0.0,0.0,-0.01,-0.0
35.153,0.0,0.0,0.0,0.0,-0.01,-0.0
35.176,0.0,0.0,0.0,0.0,-0.01,-0.0
35.205,0.0,0.0,0.0,0.0,-0.01,-0.0
35.231,0.0,0.0,0.0,0.0,-0.01,-0.0
35.248,0.0,0.0,0.0,0.0,-0.01,-0.0
35.273,0.0,0.0,0.0,0.0,-0.01,-0.0
35.294,0.0,0.0,0.0,0.0,-0.01,-0.0
35.321,0.0,0.0,0.0,0.0,-0.01,-0.0
35.343,0.0,0.0,0.0,0.0,-0.01,-0.0
35.37,0.0,0.0,0.0,0.0,-0.01,-0.0
35.394,0.0,0.0,0.0,0.0,-0.01,-0.0
35.415,0.0,0.0,0.0,0.0,-0.01,-0.0
35.442,0.0,0.0,0.0,0.0,-0.01,-0.0
35.478,0.0,0.0,0.0,0.0,-0.01,-0.0
35.502,0.0,0.0,0.0,0.0,-0.01,-0.0
35.529,0.0,0.0,0.0,0.0,-0.01,-0.0
35.547,0.0,0.0,0.0,0.0,-0.01,-0.0
35.562,0.0,0.0,0.0,0.0,-0.01,-0.0
35.594,0.0,0.0,0.0,0.0,-0.01,-0.0
35.624,0.0,0.0,0.0,0.0,-0.01,-0.0
35.654,0.0,0.0,0.0,0.0,-0.01,-0.0
35.68,0.0,0.0,0.0,0.0,-0.01,-0.0
35.702,0.0,0.0,0.0,0.0,-0.01,-0.0
35.738,0.0,0.0,0.0,0.0,-0.01,-0.0
35.764,0.0,0.0,0.0,0.0,-0.01,-0.0
35.784,0.0,0.0,0.0,-0.0,-0.01,0.0
35.811,0.0,0.0,0.0,-0.0,-0.01,0.0
35.845,0.0,0.0,0.0,-0.0,-0.01,0.0
35.879,0.0,0.0,0.0,-0.0,-0.01,0.0
35.914,0.0,0.0,0.0,-0.0,-0.01,0.0
35.944,0.0,0.0,0.0,-0.0,-0.01,0.0
35.977,0.0,0.0,0.0,-0.0,-0.01,0.0
36.015,0.0,0.0,0.0,-0.0,-0.01,0.0
36.058,0.0,0.0,0.0,-0.0,-0.01,0.0
36.094,0.0,0.0,0.0,-0.0,-0.01,0.0
36.132,0.0,0.0,0.0,-0.0,-0.01,0.0
36.167,0.0,0.0,0.0,-0.0,-0.01,0.0
36.192,0.0,0.0,0.0,-0.0,-0.01,0.0
36.231,0.0,0.0,0.0,-0.0,-0.01,0.0
36.266,0.0,0.0,0.0,-0.0,-0.01,0.0
36.297,0.0,0.0,0.0,-0.0,-0.01,0.0
36.336,0.0,0.0,0.0,-0.0,-0.01,0.0
36.371,0.0,0.0,0.0,-0.0,-0.01,0.0
36.408,0.0,0.0,0.0,-0.0,-0.01,0.0
36.451,0.0,0.0,0.0,-0.0,-0.01,0.0
36.482,0.0,0.0,0.0,-0.0,-0.01,0.0
36.518,0.0,0.0,0.0,-0.0,-0.01,0.0
36.559,0.0,0.0,0.0,-0.0,-0.01,0.0
36.601,0.0,0.0,0.0,-0.0,-0.01,0.0
36.637,0.0,0.0,0.0,-0.0,-0.01,0.0
36.675,0.0,0.0,0.0,-0.0,-0.01,0.0
36.708,0.0,0.0,0.0,-0.0,-0.01,0.0
36.748,0.0,0.0,0.0,-0.0,-0.01,0.0
36.787,0.0,0.0,0.0,-0.0,-0.01,0.0
36.812,0.0,0.0,0.0,-0.0,-0.01,0.0
36.851,0.0,0.0,0.0,-0.0,-0.01,0.0
36.892,0.0,0.0,0.0,-0.0,-0.01,0.0
36.921,0.0,0.0,0.0,-0.0,-0.01,0.0
36.958,0.0,0.0,0.0,-0.0,-0.01,0.0
36.991,0.0,0.0,0.0,-0.0,-0.01,0.0
37.016,0.0,0.0,0.0,-0.0,-0.01,0.0
37.053,0.0,0.0,0.0,-0.0,-0.01,0.0
37.096,0.0,0.0,0.0,-0.0,-0.01,0.0
37.134,0.0,0.0,0.0,-0.0,-0.01,-0.0
37.17,0.0,0.0,0.0,-0.0,-0.01,-0.0
37.203,0.0,0.0,0.0,0.0,-0.01,-0.0
37.237,0.0,0.0,0.0,0.0,-0.01,-0.0
37.272,0.0,0.0,0.0,0.0,-0.01,-0.0
37.292,0.0,0.0,0.0,0.0,-0.01,-0.0
37.317,0.0,0.0,0.0,0.0,-0.01,-0.0
37.342,0.0,0.0,0.0,0.0,-0.01,-0.0
37.365,0.0,0.0,0.0,0.0,-0.01,-0.0
37.385,0.0,0.0,0.0,0.0,-0.01,-0.0
37.418,0.0,0.0,0.0,0.0,-0.01,-0.0
37.457,0.0,0.0,0.0,0.0,-0.01,-0.0
37.497,0.0,0.0,0.0,0.0,-0.01,-0.0
37.537,0.0,0.0,0.0,0.0,-0.01,-0.0
37.576,0.0,0.0,0.0,0.0,-0.01,-0.0
37.62,0.0,0.0,0.0,0.0,-0.01,-0.0
37.664,0.0,0.0,0.0,0.0,-0.01,-0.0
37.702,0.0,0.0,0.0,0.0,-0.01,-0.0
37.733,0.0,0.0,0.0,0.0,-0.01,-0.0
37.768,0.0,0.0,0.0,0.0,-0.01,-0.0
37.798,0.0,0.0,0.0,0.0,-0.01,-0.0
37.823,0.0,0.0,0.0,0.0,-0.01,-0.0
37.86,0.0,0.0,0.0,0.0,-0.0,-0.0
37.899,0.0,0.0,0.0,0.0,-0.0,-0.0
37.938,0.0,0.0,0.0,0.0,-0.0,-0.0
37.978,0.0,0.0,0.0,0.0,-0.0,-0.0
38.015,0.0,0.0,0.0,0.0,-0.0,-0.0
38.046,0.0,0.0,0.0,-0.0,-0.0,-0.0
38.078,0.0,0.0,0.0,-0.0,0.0,-0.0
38.114,0.0,0.0,0.0,-0.0,-0.0,-0.0
38.158,0.0,0.0,0.0,0.0,-0.0,-0.0
38.198,0.0,0.0,0.0,0.0,-0.0,-0.0
38.242,0.0,0.0,0.0,0.0,-0.0,-0.0
38.272,0.0,0.0,0.0,0.0,-0.0,-0.0
38.314,0.0,0.0,0.0,0.0,-0.0,-0.0
38.357,0.0,0.0,0.0,0.0,-0.0,-0.0
38.387,0.0,0.0,0.0,0.0,-0.0,-0.0
38.424,0.0,0.0,0.0,0.0,-0.0,-0.0
38.459,0.0,0.0,0.0,0.0,-0.0,-0.0
38.502,0.0,0.0,0.0,0.0,-0.0,-0.0
38.537,0.0,0.0,0.0,0.0,-0.0,-0.0
38.58,0.0,0.0,0.0,0.0,0.0,-0.0
38.617,0.0,0.0,0.0,0.0,-0.0,-0.0
38.664,0.0,0.0,0.0,0.0,-0.0,-0.0
38.693,0.0,0.0,0.0,-0.0,0.0,-0.0
38.733,0.0,0.0,0.0,0.0,0.0,-0.0
38.778,0.0,0.0,0.0,0.0,0.0,-0.0
38.823,0.0,0.0,0.0,0.0,-0.0,-0.0
38.861,0.0,0.0,0.0,-0.0,-0.0,-0.0
38.886,0.0,0.0,0.0,0.0,0.0,-0.0
38.932,0.0,0.0,0.0,-0.0,-0.0,-0.0
38.979,0.0,0.0,0.0,0.0,-0.0,-0.0
39.022,0.0,0.0,0.0,0.0,-0.0,-0.0
39.066,0.0,0.0,0.0,-0.0,0.0,-0.0
39.104,0.0,0.0,0.0,0.0,-0.0,-0.0
39.153,0.0,0.0,0.0,-0.0,-0.0,-0.0
39.197,0.0,0.0,0.0,-0.0,-0.0,-0.0
39.248,0.0,0.0,0.0,0.0,-0.0,-0.0
39.297,0.0,0.0,0.0,-0.0,-0.0,-0.0
39.344,0.0,0.0,0.0,-0.0,0.0,-0.0
39.383,0.0,0.0,0.0,0.0,-0.0,-0.0
39.421,0.0,0.0,0.0,-0.0,0.0,-0.0
39.462,0.0,0.0,0.0,0.0,0.0,-0.0
39.509,0.0,0.0,0.0,0.0,-0.0,-0.0
39.552,0.0,0.0,0.0,-0.0,0.0,-0.0
39.599,0.0,0.0,0.0,0.0,0.0,-0.0
39.635,0.0,0.0,0.0,0.0,0.0,-0.0
39.683,0.0,0.0,0.0,0.0,0.0,-0.0
39.728,0.0,0.0,0.0,0.0,0.0,-0.0
39.766,0.0,0.0,0.0,0.0,0.0,-0.0
39.812,0.0,0.0,0.0,0.0,0.0,-0.0
39.852,0.0,0.0,0.0,0.0,0.0,-0.0
39.893,0.0,0.0,0.0,0.0,0.0,-0.0
39.937,0.0,0.0,0.0,0.0,0.0,-0.0
39.983,0.0,0.0,0.0,0.0,0.0,-0.0
40.025,0.0,0.0,0.0,0.0,0.0,-0.0
40.059,0.0,0.0,0.0,0.0,0.0,-0.0
40.097,0.0,0.0,0.0,0.0,0.0,-0.0
40.137,0.0,0.0,0.0,0.0,0.0,-0.0
40.18,0.0,0.0,0.0,0.0,0.0,-0.0
40.216,0.0,0.0,0.0,0.0,0.0,-0.0
40.255,0.0,0.0,0.0,0.0,0.0,-0.0
40.295,0.0,0.0,0.0,0.0,0.0,-0.0
40.327,0.0,0.0,0.0,0.0,0.0,-0.0
40.363,0.0,0.0,0.0,0.0,0.0,-0.0
40.412,0.0,0.0,0.0,0.0,0.0,-0.0
40.446,0.0,0.0,0.0,0.0,0.0,-0.0
40.49,0.0,0.0,0.0,0.0,0.0,-0.0
40.516,0.0,0.0,0.0,0.0,0.0,-0.0
40.56,0.0,0.0,0.0,0.0,0.0,-0.0
40.604,0.0,0.0,0.0,0.0,0.0,-0.0
40.651,0.0,0.0,0.0,0.0,0.0,-0.0
40.692,0.0,0.0,0.0,0.0,0.0,-0.0
40.728,0.0,0.0,0.0,0.0,0.0,-0.0
40.769,0.0,0.0,0.0,0.0,0.0,-0.0
40.809,0.0,0.0,0.0,0.0,0.0,-0.0
40.858,0.0,0.0,0.0,0.0,0.0,-0.0
40.902,0.0,0.0,0.0,0.0,0.0,-0.0
40.948,0.0,0.0,0.0,0.0,0.0,-0.0
40.997,0.0,0.0,0.0,0.0,0.0,-0.0
41.04,0.0,0.0,0.0,0.0,0.0,-0.0
41.064,0.0,0.0,0.0,0.0,0.0,-0.0
41.106,0.0,0.0,0.0,0.0,0.0,-0.0
41.154,0.0,0.0,0.0,0.0,0.0,-0.0
41.191,0.0,0.0,0.0,0.0,0.0,-0.0
41.219,0.0,0.0,0.0,0.0,0.0,-0.0
41.258,0.0,0.0,0.0,0.0,0.0,-0.0
41.29,0.0,0.0,0.0,0.0,0.0,-0.0
41.331,0.0,0.0,0.0,0.0,0.0,-0.0
41.372,0.0,0.0,0.0,0.0,0.0,-0.0
41.407,0.0,0.0,0.0,0.0,0.0,-0.0
41.446,0.0,0.0,0.0,0.0,0.0,-0.0
41.483,0.0,0.0,0.0,0.0,0.0,-0.0
41.526,0.0,0.0,0.0,0.0,0.0,-0.0
41.572,0.0,0.0,0.0,0.0,0.0,-0.0
41.613,0.0,0.0,0.0,0.0,0.0,-0.0
41.65,0.0,0.0,0.0,0.0,0.0,-0.0
41.685,0.0,0.0,0.0,0.0,0.0,-0.0
41.732,0.0,0.0,0.0,0.0,0.0,-0.0
41.771,0.0,0.0,0.0,0.0,0.0,-0.0
41.817,0.0,0.0,0.0,0.0,0.0,-0.0
41.861,0.0,0.0,0.0,0.0,0.0,-0.0
41.889,0.0,0.0,0.0,0.0,0.0,-0.0
41.927,0.0,0.0,0.0,0.0,0.0,-0.0
41.971,0.0,0.0,0.0,0.0,0.0,-0.0
42.016,0.0,0.0,0.0,0.0,0.0,-0.0
42.061,0.0,0.0,0.0,0.0,0.0,-0.0
42.096,0.0,0.0,0.0,0.0,0.0,-0.0
42.145,0.0,0.0,0.0,0.0,0.0,-0.0
42.199,0.0,0.0,0.0,0.0,0.0,-0.0
42.241,0.0,0.0,0.0,0.0,0.0,-0.0
42.287,0.0,0.0,0.0,0.0,0.0,-0.0
42.334,0.0,0.0,0.0,0.0,0.0,-0.0
42.378,0.0,0.0,0.0,0.0,0.0,-0.0
42.423,0.0,0.0,0.0,0.0,0.0,-0.0
42.467,0.0,0.0,0.0,0.0,0.0,-0.0
42.503,0.0,0.0,0.0,0.0,0.0,-0.0
