t,x,y,z,vx,vy,vz
0.050,3.0,0.0,0.09,3.0,0.0,0.09
0.060,3.0,0.0,0.08,3.0,0.0,0.08
0.071,3.0,-0.0,0.08,3.0,-0.0,0.08
0.081,3.0,-0.0,0.07,3.0,-0.0,0.07
0.091,3.0,-0.0,0.06,3.0,-0.0,0.06
0.101,3.0,-0.0,0.05,3.0,-0.0,0.05
0.109,3.0,-0.0,0.04,3.0,-0.0,0.04
0.121,3.0,-0.0,0.03,3.0,-0.0,0.03
0.130,3.0,0.0,0.02,3.0,0.0,0.02
0.141,3.0,0.0,0.0,3.0,0.0,0.0
0.151,3.0,0.0,-0.0,3.0,0.0,-0.0
0.159,3.0,0.0,-0.0,3.0,0.0,-0.0
0.171,3.01,0.0,-0.0,3.01,0.0,-0.0
0.180,3.01,0.0,-0.0,3.01,0.0,-0.0
0.191,3.01,0.0,-0.0,3.01,0.0,-0.0
0.199,3.02,0.0,-0.0,3.02,0.0,-0.0
0.207,3.02,0.0,-0.0,3.02,0.0,-0.0
0.217,3.02,0.0,-0.0,3.02,0.0,-0.0
0.231,3.03,0.0,-0.0,3.03,0.0,-0.0
0.237,3.03,0.0,-0.0,3.03,0.0,-0.0
0.250,3.03,0.0,-0.0,3.03,0.0,-0.0
0.256,3.03,0.0,-0.0,3.03,0.0,-0.0
0.270,3.04,0.0,-0.0,3.04,0.0,-0.0
0.280,3.04,0.0,-0.0,3.04,0.0,-0.0
0.289,3.04,0.0,-0.0,3.04,0.0,-0.0
0.299,3.05,0.0,-0.0,3.05,0.0,-0.0
0.311,3.05,0.0,-0.0,3.05,0.0,-0.0
0.319,3.05,0.0,-0.0,3.05,0.0,-0.0
0.331,3.06,0.0,-0.0,3.06,0.0,-0.0
0.340,3.06,0.0,-0.0,3.06,0.0,-0.0
0.349,3.06,0.0,-0.0,3.06,0.0,-0.0
0.361,3.07,0.0,-0.0,3.07,0.0,-0.0
0.370,3.07,0.0,-0.0,3.07,0.0,-0.0
0.381,3.07,0.0,-0.0,3.07,0.0,-0.0
0.390,3.07,0.0,-0.0,3.07,0.0,-0.0
0.400,3.08,0.0,-0.0,3.08,0.0,-0.0
0.410,3.08,0.0,-0.0,3.08,0.0,-0.0
0.420,3.08,0.0,-0.0,3.08,0.0,-0.0
0.431,3.09,0.0,-0.0,3.09,0.0,-0.0
0.441,3.09,0.0,-0.0,3.09,0.0,-0.0
0.451,3.09,0.0,-0.0,3.09,0.0,-0.0
0.461,3.1,0.0,-0.0,3.1,0.0,-0.0
0.471,3.1,0.0,-0.0,3.1,0.0,-0.0
0.481,3.1,0.0,-0.0,3.1,0.0,-0.0
0.491,3.1,0.01,-0.0,3.1,0.01,-0.0
0.501,3.11,0.01,-0.0,3.11,0.01,-0.0
0.508,3.11,0.01,-0.0,3.11,0.01,-0.0
0.521,3.11,0.01,-0.0,3.11,0.01,-0.0
0.531,3.12,0.01,-0.0,3.12,0.01,-0.0
0.541,3.12,0.01,-0.0,3.12,0.01,-0.0
0.551,3.12,0.01,-0.0,3.12,0.01,-0.0
0.561,3.13,0.01,-0.0,3.13,0.01,-0.0
0.571,3.13,0.01,-0.0,3.13,0.01,-0.0
0.581,3.13,0.01,-0.0,3.13,0.01,-0.0
0.591,3.13,0.01,-0.0,3.13,0.01,-0.0
0.601,3.14,0.01,-0.0,3.14,0.01,-0.0
0.611,3.14,0.01,-0.0,3.14,0.01,-0.0
0.621,3.14,0.01,-0.0,3.14,0.01,-0.0
0.631,3.15,0.01,-0.0,3.15,0.01,-0.0
0.641,3.15,0.01,-0.0,3.15,0.01,-0.0
0.651,3.15,0.01,-0.0,3.15,0.01,-0.0
0.661,3.16,0.01,-0.0,3.16,0.01,-0.0
0.671,3.16,0.01,-0.0,3.16,0.01,-0.0
0.681,3.16,0.01,-0.0,3.16,0.01,-0.0
0.691,3.16,0.01,-0.0,3.16,0.01,-0.0
0.701,3.17,0.01,-0.0,3.17,0.01,-0.0
0.711,3.17,0.01,-0.0,3.17,0.01,-0.0
0.721,3.17,0.01,-0.0,3.17,0.01,-0.0
0.731,3.18,0.02,-0.0,3.18,0.02,-0.0
0.741,3.18,0.02,-0.0,3.18,0.02,-0.0
0.751,3.18,0.02,-0.0,3.18,0.02,-0.0
0.761,3.18,0.02,-0.0,3.18,0.02,-0.0
0.771,3.19,0.02,-0.0,3.19,0.02,-0.0
0.781,3.19,0.02,-0.0,3.19,0.02,-0.0
0.791,3.19,0.02,-0.0,3.19,0.02,-0.0
0.801,3.2,0.02,-0.0,3.2,0.02,-0.0
0.811,3.2,0.02,-0.0,3.2,0.02,-0.0
0.821,3.2,0.02,-0.0,3.2,0.02,-0.0
0.831,3.21,0.02,-0.0,3.21,0.02,-0.0
0.841,3.21,0.02,-0.0,3.21,0.02,-0.0
0.851,3.21,0.02,-0.0,3.21,0.02,-0.0
0.861,3.21,0.02,-0.0,3.21,0.02,-0.0
0.871,3.22,0.02,-0.0,3.22,0.02,-0.0
0.881,3.22,0.02,-0.0,3.22,0.02,-0.0
0.891,3.22,0.02,-0.0,3.22,0.02,-0.0
0.901,3.23,0.03,-0.0,3.23,0.03,-0.0
0.911,3.23,0.03,-0.0,3.23,0.03,-0.0
0.921,3.23,0.03,-0.0,3.23,0.03,-0.0
0.931,3.23,0.03,-0.0,3.23,0.03,-0.0
0.941,3.24,0.03,-0.0,3.24,0.03,-0.0
0.951,3.24,0.03,-0.0,3.24,0.03,-0.0
0.961,3.24,0.03,-0.0,3.24,0.03,-0.0
0.971,3.25,0.03,-0.0,3.25,0.03,-0.0
0.981,3.25,0.03,-0.0,3.25,0.03,-0.0
0.991,3.25,0.03,-0.0,3.25,0.03,-0.0
1.001,3.26,0.03,-0.0,3.26,0.03,-0.0
1.011,3.26,0.03,-0.0,3.26,0.03,-0.0
1.021,3.26,0.03,-0.0,3.26,0.03,-0.0
1.031,3.26,0.03,-0.0,3.26,0.03,-0.0
1.041,3.27,0.04,-0.0,3.27,0.04,-0.0
1.050,3.27,0.04,-0.0,3.27,0.04,-0.0
1.061,3.27,0.04,-0.0,3.27,0.04,-0.0
1.071,3.28,0.04,-0.0,3.28,0.04,-0.0
1.081,3.28,0.04,-0.0,3.28,0.04,-0.0
1.091,3.28,0.04,-0.0,3.28,0.04,-0.0
1.101,3.28,0.04,-0.0,3.28,0.04,-0.0
1.111,3.29,0.04,-0.0,3.29,0.04,-0.0
1.121,3.29,0.04,-0.0,3.29,0.04,-0.0
1.131,3.29,0.04,-0.0,3.29,0.04,-0.0
1.141,3.3,0.04,-0.0,3.3,0.04,-0.0
1.151,3.3,0.04,-0.0,3.3,0.04,-0.0
1.160,3.3,0.05,-0.0,3.3,0.05,-0.0
1.168,3.3,0.05,-0.0,3.3,0.05,-0.0
1.180,3.31,0.05,-0.0,3.31,0.05,-0.0
1.191,3.31,0.05,-0.0,3.31,0.05,-0.0
1.201,3.31,0.05,-0.0,3.31,0.05,-0.0
1.211,3.32,0.05,-0.0,3.32,0.05,-0.0
1.221,3.32,0.05,-0.0,3.32,0.05,-0.0
1.228,3.32,0.05,-0.0,3.32,0.05,-0.0
1.240,3.32,0.05,-0.0,3.32,0.05,-0.0
1.251,3.33,0.05,-0.0,3.33,0.05,-0.0
1.261,3.33,0.05,-0.0,3.33,0.05,-0.0
1.270,3.33,0.06,-0.0,3.33,0.06,-0.0
1.281,3.34,0.06,-0.0,3.34,0.06,-0.0
1.291,3.34,0.06,-0.0,3.34,0.06,-0.0
1.301,3.34,0.06,-0.0,3.34,0.06,-0.0
1.311,3.34,0.06,-0.0,3.34,0.06,-0.0
1.320,3.35,0.06,-0.0,3.35,0.06,-0.0
1.331,3.35,0.06,-0.0,3.35,0.06,-0.0
1.340,3.35,0.06,-0.0,3.35,0.06,-0.0
1.351,3.36,0.06,-0.0,3.36,0.06,-0.0
1.360,3.36,0.06,-0.0,3.36,0.06,-0.0
1.370,3.36,0.07,-0.0,3.36,0.07,-0.0
1.380,3.36,0.07,-0.0,3.36,0.07,-0.0
1.390,3.37,0.07,-0.0,3.37,0.07,-0.0
1.398,3.37,0.07,-0.0,3.37,0.07,-0.0
1.410,3.37,0.07,-0.0,3.37,0.07,-0.0
1.421,3.37,0.07,-0.0,3.37,0.07,-0.0
1.430,3.38,0.07,-0.0,3.38,0.07,-0.0
1.441,3.38,0.07,-0.0,3.38,0.07,-0.0
1.451,3.38,0.07,-0.0,3.38,0.07,-0.0
1.461,3.39,0.08,-0.0,3.39,0.08,-0.0
1.471,3.39,0.08,-0.0,3.39,0.08,-0.0
1.481,3.39,0.08,-0.0,3.39,0.08,-0.0
1.491,3.39,0.08,-0.0,3.39,0.08,-0.0
1.501,3.4,0.08,-0.0,3.4,0.08,-0.0
1.511,3.4,0.08,-0.0,3.4,0.08,-0.0
1.521,3.4,0.08,-0.0,3.4,0.08,-0.0
1.530,3.41,0.08,-0.0,3.41,0.08,-0.0
1.541,3.41,0.08,-0.0,3.41,0.08,-0.0
1.551,3.41,0.09,-0.0,3.41,0.09,-0.0
1.561,3.41,0.09,-0.0,3.41,0.09,-0.0
1.571,3.42,0.09,-0.0,3.42,0.09,-0.0
1.581,3.42,0.09,-0.0,3.42,0.09,-0.0
1.591,3.42,0.09,-0.0,3.42,0.09,-0.0
1.600,3.42,0.09,-0.0,3.42,0.09,-0.0
1.611,3.43,0.09,-0.0,3.43,0.09,-0.0
1.621,3.43,0.09,-0.0,3.43,0.09,-0.0
1.631,3.43,0.1,-0.0,3.43,0.1,-0.0
1.639,3.44,0.1,-0.0,3.44,0.1,-0.0
1.652,3.44,0.1,-0.0,3.44,0.1,-0.0
1.662,3.44,0.1,-0.0,3.44,0.1,-0.0
1.672,3.44,0.1,-0.0,3.44,0.1,-0.0
1.682,3.45,0.1,-0.0,3.45,0.1,-0.0
1.692,3.45,0.1,-0.0,3.45,0.1,-0.0
1.702,3.45,0.1,-0.0,3.45,0.1,-0.0
1.712,3.45,0.11,-0.0,3.45,0.11,-0.0
1.722,3.46,0.11,-0.0,3.46,0.11,-0.0
1.732,3.46,0.11,-0.0,3.46,0.11,-0.0
1.742,3.46,0.11,-0.0,3.46,0.11,-0.0
1.752,3.47,0.11,-0.0,3.47,0.11,-0.0
1.762,3.47,0.11,-0.0,3.47,0.11,-0.0
1.772,3.47,0.11,-0.0,3.47,0.11,-0.0
1.782,3.47,0.12,-0.0,3.47,0.12,-0.0
1.792,3.48,0.12,-0.0,3.48,0.12,-0.0
1.802,3.48,0.12,-0.0,3.48,0.12,-0.0
1.812,3.48,0.12,-0.0,3.48,0.12,-0.0
1.822,3.48,0.12,-0.0,3.48,0.12,-0.0
1.832,3.49,0.12,-0.0,3.49,0.12,-0.0
1.842,3.49,0.12,-0.0,3.49,0.12,-0.0
1.852,3.49,0.13,-0.0,3.49,0.13,-0.0
1.862,3.49,0.13,-0.0,3.49,0.13,-0.0
1.872,3.5,0.13,-0.0,3.5,0.13,-0.0
1.882,3.5,0.13,-0.0,3.5,0.13,-0.0
1.892,3.5,0.13,-0.0,3.5,0.13,-0.0
1.902,3.5,0.13,-0.0,3.5,0.13,-0.0
1.912,3.51,0.13,-0.0,3.51,0.13,-0.0
1.922,3.51,0.14,-0.0,3.51,0.14,-0.0
1.932,3.51,0.14,-0.0,3.51,0.14,-0.0
1.942,3.52,0.14,-0.0,3.52,0.14,-0.0
1.951,3.52,0.14,-0.0,3.52,0.14,-0.0
1.962,3.52,0.14,-0.0,3.52,0.14,-0.0
1.972,3.52,0.14,-0.0,3.52,0.14,-0.0
1.982,3.53,0.14,-0.0,3.53,0.14,-0.0
1.992,3.53,0.15,-0.0,3.53,0.15,-0.0
2.002,3.53,0.15,-0.0,3.53,0.15,-0.0
2.012,3.53,0.15,-0.0,3.53,0.15,-0.0
2.022,3.54,0.15,-0.0,3.54,0.15,-0.0
2.032,3.54,0.15,-0.0,3.54,0.15,-0.0
2.042,3.54,0.15,-0.0,3.54,0.15,-0.0
2.052,3.54,0.16,-0.0,3.54,0.16,-0.0
2.062,3.55,0.16,-0.0,3.55,0.16,-0.0
2.072,3.55,0.16,-0.0,3.55,0.16,-0.0
2.082,3.55,0.16,-0.0,3.55,0.16,-0.0
2.092,3.55,0.16,-0.0,3.55,0.16,-0.0
2.102,3.56,0.16,-0.0,3.56,0.16,-0.0
2.112,3.56,0.17,-0.0,3.56,0.17,-0.0
2.122,3.56,0.17,-0.0,3.56,0.17,-0.0
2.132,3.56,0.17,-0.0,3.56,0.17,-0.0
2.142,3.57,0.17,-0.0,3.57,0.17,-0.0
2.152,3.57,0.17,-0.0,3.57,0.17,-0.0
2.162,3.57,0.17,-0.0,3.57,0.17,-0.0
2.172,3.57,0.17,-0.0,3.57,0.17,-0.0
2.182,3.58,0.18,-0.0,3.58,0.18,-0.0
2.192,3.58,0.18,-0.0,3.58,0.18,-0.0
2.202,3.58,0.18,-0.0,3.58,0.18,-0.0
2.212,3.58,0.18,-0.0,3.58,0.18,-0.0
2.222,3.59,0.18,-0.0,3.59,0.18,-0.0
2.232,3.59,0.19,-0.0,3.59,0.19,-0.0
2.242,3.59,0.19,-0.0,3.59,0.19,-0.0
2.252,3.59,0.19,-0.0,3.59,0.19,-0.0
2.262,3.6,0.19,-0.0,3.6,0.19,-0.0
2.272,3.6,0.19,-0.0,3.6,0.19,-0.0
2.282,3.6,0.19,-0.0,3.6,0.19,-0.0
2.292,3.6,0.2,-0.0,3.6,0.2,-0.0
2.302,3.61,0.2,-0.0,3.61,0.2,-0.0
2.312,3.61,0.2,-0.0,3.61,0.2,-0.0
2.322,3.61,0.2,-0.0,3.61,0.2,-0.0
2.332,3.61,0.2,-0.0,3.61,0.2,-0.0
2.342,3.62,0.2,-0.0,3.62,0.2,-0.0
2.352,3.62,0.21,-0.0,3.62,0.21,-0.0
2.362,3.62,0.21,-0.0,3.62,0.21,-0.0
2.364,3.62,0.21,-0.0,3.62,0.21,-0.0
2.380,3.62,0.21,-0.0,3.62,0.21,-0.0
2.391,3.63,0.21,-0.0,3.63,0.21,-0.0
2.401,3.63,0.22,-0.0,3.63,0.22,-0.0
2.411,3.63,0.22,-0.0,3.63,0.22,-0.0
2.421,3.63,0.22,-0.0,3.63,0.22,-0.0
2.426,3.64,0.22,-0.0,3.64,0.22,-0.0
2.440,3.64,0.22,-0.0,3.64,0.22,-0.0
2.449,3.64,0.22,-0.0,3.64,0.22,-0.0
2.459,3.64,0.23,-0.0,3.64,0.23,-0.0
2.470,3.65,0.23,-0.0,3.65,0.23,-0.0
2.479,3.65,0.23,-0.0,3.65,0.23,-0.0
2.486,3.65,0.23,-0.0,3.65,0.23,-0.0
2.499,3.65,0.23,-0.0,3.65,0.23,-0.0
2.508,3.66,0.24,-0.0,3.66,0.24,-0.0
2.521,3.66,0.24,-0.0,3.66,0.24,-0.0
2.531,3.66,0.24,-0.0,3.66,0.24,-0.0
2.541,3.66,0.24,-0.0,3.66,0.24,-0.0
2.550,3.66,0.24,-0.0,3.66,0.24,-0.0
2.561,3.67,0.25,-0.0,3.67,0.25,-0.0
2.569,3.67,0.25,-0.0,3.67,0.25,-0.0
2.581,3.67,0.25,-0.0,3.67,0.25,-0.0
2.589,3.67,0.25,-0.0,3.67,0.25,-0.0
2.596,3.68,0.25,-0.0,3.68,0.25,-0.0
2.607,3.68,0.26,-0.0,3.68,0.26,-0.0
2.619,3.68,0.26,-0.0,3.68,0.26,-0.0
2.626,3.68,0.26,-0.0,3.68,0.26,-0.0
2.638,3.69,0.26,-0.0,3.69,0.26,-0.0
2.645,3.69,0.26,-0.0,3.69,0.26,-0.0
2.661,3.69,0.27,-0.0,3.69,0.27,-0.0
2.671,3.69,0.27,-0.0,3.69,0.27,-0.0
2.681,3.69,0.27,-0.0,3.69,0.27,-0.0
2.691,3.7,0.27,-0.0,3.7,0.27,-0.0
2.694,3.7,0.27,-0.0,3.7,0.27,-0.0
2.710,3.7,0.28,-0.0,3.7,0.28,-0.0
2.722,3.7,0.28,-0.0,3.7,0.28,-0.0
2.731,3.7,0.28,-0.0,3.7,0.28,-0.0
2.738,3.71,0.28,-0.0,3.71,0.28,-0.0
2.751,3.71,0.28,-0.0,3.71,0.28,-0.0
2.761,3.71,0.29,-0.0,3.71,0.29,-0.0
2.769,3.71,0.29,-0.0,3.71,0.29,-0.0
2.781,3.72,0.29,-0.0,3.72,0.29,-0.0
2.785,3.72,0.29,-0.0,3.72,0.29,-0.0
2.800,3.72,0.29,-0.0,3.72,0.29,-0.0
2.811,3.72,0.3,-0.0,3.72,0.3,-0.0
2.821,3.72,0.3,-0.0,3.72,0.3,-0.0
2.831,3.73,0.3,-0.0,3.73,0.3,-0.0
2.841,3.73,0.3,-0.0,3.73,0.3,-0.0
2.852,3.73,0.3,-0.0,3.73,0.3,-0.0
2.861,3.73,0.31,-0.0,3.73,0.31,-0.0
2.871,3.73,0.31,-0.0,3.73,0.31,-0.0
2.881,3.74,0.31,-0.0,3.74,0.31,-0.0
2.891,3.74,0.31,-0.0,3.74,0.31,-0.0
2.901,3.74,0.32,-0.0,3.74,0.32,-0.0
2.911,3.74,0.32,-0.0,3.74,0.32,-0.0
2.921,3.75,0.32,-0.0,3.75,0.32,-0.0
2.931,3.75,0.32,-0.0,3.75,0.32,-0.0
2.941,3.75,0.32,-0.0,3.75,0.32,-0.0
2.951,3.75,0.33,-0.0,3.75,0.33,-0.0
2.961,3.75,0.33,-0.0,3.75,0.33,-0.0
2.971,3.76,0.33,-0.0,3.76,0.33,-0.0
2.981,3.76,0.33,-0.0,3.76,0.33,-0.0
2.991,3.76,0.34,-0.0,3.76,0.34,-0.0
3.001,3.76,0.34,-0.0,3.76,0.34,-0.0
3.011,3.76,0.34,-0.0,3.76,0.34,-0.0
3.021,3.77,0.34,-0.0,3.77,0.34,-0.0
3.031,3.77,0.34,-0.0,3.77,0.34,-0.0
3.041,3.77,0.35,-0.0,3.77,0.35,-0.0
3.051,3.77,0.35,-0.0,3.77,0.35,-0.0
3.061,3.77,0.35,-0.0,3.77,0.35,-0.0
3.071,3.78,0.35,-0.0,3.78,0.35,-0.0
3.081,3.78,0.36,-0.0,3.78,0.36,-0.0
3.091,3.78,0.36,-0.0,3.78,0.36,-0.0
3.101,3.78,0.36,-0.0,3.78,0.36,-0.0
3.112,3.78,0.36,-0.0,3.78,0.36,-0.0
3.121,3.79,0.36,-0.0,3.79,0.36,-0.0
3.131,3.79,0.37,-0.0,3.79,0.37,-0.0
3.141,3.79,0.37,-0.0,3.79,0.37,-0.0
3.151,3.79,0.37,-0.0,3.79,0.37,-0.0
3.161,3.79,0.37,-0.0,3.79,0.37,-0.0
3.171,3.8,0.38,-0.0,3.8,0.38,-0.0
3.181,3.8,0.38,-0.0,3.8,0.38,-0.0
3.191,3.8,0.38,-0.0,3.8,0.38,-0.0
3.201,3.8,0.38,-0.0,3.8,0.38,-0.0
3.211,3.8,0.39,-0.0,3.8,0.39,-0.0
3.221,3.8,0.39,-0.0,3.8,0.39,-0.0
3.231,3.81,0.39,-0.0,3.81,0.39,-0.0
3.241,3.81,0.39,-0.0,3.81,0.39,-0.0
3.251,3.81,0.39,-0.0,3.81,0.39,-0.0
3.261,3.81,0.4,-0.0,3.81,0.4,-0.0
3.272,3.81,0.4,-0.0,3.81,0.4,-0.0
3.281,3.82,0.4,-0.0,3.82,0.4,-0.0
3.291,3.82,0.4,-0.0,3.82,0.4,-0.0
3.301,3.82,0.41,-0.0,3.82,0.41,-0.0
3.311,3.82,0.41,-0.0,3.82,0.41,-0.0
3.321,3.82,0.41,-0.0,3.82,0.41,-0.0
3.331,3.82,0.41,-0.0,3.82,0.41,-0.0
3.341,3.83,0.42,-0.0,3.83,0.42,-0.0
3.351,3.83,0.42,-0.0,3.83,0.42,-0.0
3.361,3.83,0.42,-0.0,3.83,0.42,-0.0
3.371,3.83,0.42,-0.0,3.83,0.42,-0.0
3.381,3.83,0.43,-0.0,3.83,0.43,-0.0
3.391,3.84,0.43,-0.0,3.84,0.43,-0.0
3.401,3.84,0.43,-0.0,3.84,0.43,-0.0
3.411,3.84,0.43,-0.0,3.84,0.43,-0.0
3.421,3.84,0.44,-0.0,3.84,0.44,-0.0
3.431,3.84,0.44,-0.0,3.84,0.44,-0.0
3.441,3.84,0.44,-0.0,3.84,0.44,-0.0
3.451,3.85,0.44,-0.0,3.85,0.44,-0.0
3.461,3.85,0.45,-0.0,3.85,0.45,-0.0
3.471,3.85,0.45,-0.0,3.85,0.45,-0.0
3.481,3.85,0.45,-0.0,3.85,0.45,-0.0
3.491,3.85,0.45,-0.0,3.85,0.45,-0.0
3.501,3.85,0.46,-0.0,3.85,0.46,-0.0
3.511,3.86,0.46,-0.0,3.86,0.46,-0.0
3.521,3.86,0.46,-0.0,3.86,0.46,-0.0
3.531,3.86,0.46,-0.0,3.86,0.46,-0.0
3.541,3.86,0.47,-0.0,3.86,0.47,-0.0
3.551,3.86,0.47,-0.0,3.86,0.47,-0.0
3.561,3.86,0.47,-0.0,3.86,0.47,-0.0
3.571,3.87,0.47,-0.0,3.87,0.47,-0.0
3.581,3.87,0.48,-0.0,3.87,0.48,-0.0
3.591,3.87,0.48,-0.0,3.87,0.48,-0.0
3.601,3.87,0.48,-0.0,3.87,0.48,-0.0
3.611,3.87,0.48,-0.0,3.87,0.48,-0.0
3.621,3.87,0.49,-0.0,3.87,0.49,-0.0
3.631,3.88,0.49,-0.0,3.88,0.49,-0.0
3.641,3.88,0.49,-0.0,3.88,0.49,-0.0
3.651,3.88,0.49,-0.0,3.88,0.49,-0.0
3.661,3.88,0.5,-0.0,3.88,0.5,-0.0
3.671,3.88,0.5,-0.0,3.88,0.5,-0.0
3.681,3.88,0.5,-0.0,3.88,0.5,-0.0
3.691,3.88,0.5,-0.0,3.88,0.5,-0.0
3.701,3.89,0.51,-0.0,3.89,0.51,-0.0
3.711,3.89,0.51,-0.0,3.89,0.51,-0.0
3.721,3.89,0.51,-0.0,3.89,0.51,-0.0
3.731,3.89,0.51,-0.0,3.89,0.51,-0.0
3.741,3.89,0.52,-0.0,3.89,0.52,-0.0
3.750,3.89,0.52,-0.0,3.89,0.52,-0.0
3.755,3.9,0.52,-0.0,3.9,0.52,-0.0
3.771,3.9,0.52,-0.0,3.9,0.52,-0.0
3.781,3.9,0.53,-0.0,3.9,0.53,-0.0
3.791,3.9,0.53,-0.0,3.9,0.53,-0.0
3.801,3.9,0.53,-0.0,3.9,0.53,-0.0
3.811,3.9,0.53,-0.0,3.9,0.53,-0.0
3.821,3.9,0.54,-0.0,3.9,0.54,-0.0
3.831,3.91,0.54,-0.0,3.91,0.54,-0.0
3.841,3.91,0.54,-0.0,3.91,0.54,-0.0
3.851,3.91,0.55,-0.0,3.91,0.55,-0.0
3.861,3.91,0.55,-0.0,3.91,0.55,-0.0
3.871,3.91,0.55,-0.0,3.91,0.55,-0.0
3.881,3.91,0.55,-0.0,3.91,0.55,-0.0
3.891,3.91,0.56,-0.0,3.91,0.56,-0.0
3.901,3.92,0.56,-0.0,3.92,0.56,-0.0
3.911,3.92,0.56,-0.0,3.92,0.56,-0.0
3.921,3.92,0.56,-0.0,3.92,0.56,-0.0
3.931,3.92,0.57,-0.0,3.92,0.57,-0.0
3.941,3.92,0.57,-0.0,3.92,0.57,-0.0
3.951,3.92,0.57,-0.0,3.92,0.57,-0.0
3.961,3.92,0.57,-0.0,3.92,0.57,-0.0
3.971,3.92,0.58,-0.0,3.92,0.58,-0.0
3.981,3.93,0.58,-0.0,3.93,0.58,-0.0
3.991,3.93,0.58,-0.0,3.93,0.58,-0.0
4.001,3.93,0.59,-0.0,3.93,0.59,-0.0
4.011,3.93,0.59,-0.0,3.93,0.59,-0.0
4.021,3.93,0.59,-0.0,3.93,0.59,-0.0
4.031,3.93,0.59,-0.0,3.93,0.59,-0.0
4.041,3.93,0.6,-0.0,3.93,0.6,-0.0
4.051,3.93,0.6,-0.0,3.93,0.6,-0.0
4.061,3.94,0.6,-0.0,3.94,0.6,-0.0
4.071,3.94,0.6,-0.0,3.94,0.6,-0.0
4.081,3.94,0.61,-0.0,3.94,0.61,-0.0
4.091,3.94,0.61,-0.0,3.94,0.61,-0.0
4.101,3.94,0.61,-0.0,3.94,0.61,-0.0
4.111,3.94,0.62,-0.0,3.94,0.62,-0.0
4.121,3.94,0.62,-0.0,3.94,0.62,-0.0
4.131,3.94,0.62,-0.0,3.94,0.62,-0.0
4.141,3.95,0.62,-0.0,3.95,0.62,-0.0
4.151,3.95,0.63,-0.0,3.95,0.63,-0.0
4.161,3.95,0.63,-0.0,3.95,0.63,-0.0
4.171,3.95,0.63,-0.0,3.95,0.63,-0.0
4.181,3.95,0.63,-0.0,3.95,0.63,-0.0
4.190,3.95,0.64,-0.0,3.95,0.64,-0.0
4.201,3.95,0.64,-0.0,3.95,0.64,-0.0
4.211,3.95,0.64,-0.0,3.95,0.64,-0.0
4.221,3.95,0.65,-0.0,3.95,0.65,-0.0
4.231,3.96,0.65,-0.0,3.96,0.65,-0.0
4.241,3.96,0.65,-0.0,3.96,0.65,-0.0
4.251,3.96,0.65,-0.0,3.96,0.65,-0.0
4.261,3.96,0.66,-0.0,3.96,0.66,-0.0
4.271,3.96,0.66,-0.0,3.96,0.66,-0.0
4.281,3.96,0.66,-0.0,3.96,0.66,-0.0
4.291,3.96,0.67,-0.0,3.96,0.67,-0.0
4.301,3.96,0.67,-0.0,3.96,0.67,-0.0
4.311,3.96,0.67,-0.0,3.96,0.67,-0.0
4.321,3.97,0.67,-0.0,3.97,0.67,-0.0
4.331,3.97,0.68,-0.0,3.97,0.68,-0.0
4.341,3.97,0.68,-0.0,3.97,0.68,-0.0
4.351,3.97,0.68,-0.0,3.97,0.68,-0.0
4.362,3.97,0.69,-0.0,3.97,0.69,-0.0
4.372,3.97,0.69,-0.0,3.97,0.69,-0.0
4.382,3.97,0.69,-0.0,3.97,0.69,-0.0
4.392,3.97,0.69,-0.0,3.97,0.69,-0.0
4.402,3.97,0.7,-0.0,3.97,0.7,-0.0
4.412,3.97,0.7,-0.0,3.97,0.7,-0.0
4.422,3.98,0.7,-0.0,3.98,0.7,-0.0
4.432,3.98,0.7,-0.0,3.98,0.7,-0.0
4.442,3.98,0.71,-0.0,3.98,0.71,-0.0
4.452,3.98,0.71,-0.0,3.98,0.71,-0.0
4.462,3.98,0.71,-0.0,3.98,0.71,-0.0
4.472,3.98,0.72,-0.0,3.98,0.72,-0.0
4.482,3.98,0.72,-0.0,3.98,0.72,-0.0
4.492,3.98,0.72,-0.0,3.98,0.72,-0.0
4.502,3.98,0.72,-0.0,3.98,0.72,-0.0
4.512,3.98,0.73,-0.0,3.98,0.73,-0.0
4.522,3.98,0.73,-0.0,3.98,0.73,-0.0
4.532,3.99,0.73,-0.0,3.99,0.73,-0.0
4.542,3.99,0.74,-0.0,3.99,0.74,-0.0
4.552,3.99,0.74,-0.0,3.99,0.74,-0.0
4.562,3.99,0.74,-0.0,3.99,0.74,-0.0
4.571,3.99,0.75,-0.0,3.99,0.75,-0.0
4.582,3.99,0.75,-0.0,3.99,0.75,-0.0
4.592,3.99,0.75,-0.0,3.99,0.75,-0.0
4.602,3.99,0.75,-0.0,3.99,0.75,-0.0
4.611,3.99,0.76,-0.0,3.99,0.76,-0.0
4.622,3.99,0.76,-0.0,3.99,0.76,-0.0
4.632,3.99,0.76,-0.0,3.99,0.76,-0.0
4.642,3.99,0.77,-0.0,3.99,0.77,-0.0
4.652,4.0,0.77,-0.0,4.0,0.77,-0.0
4.662,4.0,0.77,-0.0,4.0,0.77,-0.0
4.672,4.0,0.77,-0.0,4.0,0.77,-0.0
4.682,4.0,0.78,-0.0,4.0,0.78,-0.0
4.692,4.0,0.78,-0.0,4.0,0.78,-0.0
4.702,4.0,0.78,-0.0,4.0,0.78,-0.0
4.712,4.0,0.79,-0.0,4.0,0.79,-0.0
4.721,4.0,0.79,-0.0,4.0,0.79,-0.0
4.732,4.0,0.79,-0.0,4.0,0.79,-0.0
4.741,4.0,0.79,-0.0,4.0,0.79,-0.0
4.751,4.0,0.8,-0.0,4.0,0.8,-0.0
4.762,4.0,0.8,-0.0,4.0,0.8,-0.0
4.772,4.0,0.8,-0.0,4.0,0.8,-0.0
4.781,4.0,0.81,-0.0,4.0,0.81,-0.0
4.792,4.0,0.81,-0.0,4.0,0.81,-0.0
4.801,4.01,0.81,-0.0,4.01,0.81,-0.0
4.811,4.01,0.81,-0.0,4.01,0.81,-0.0
4.821,4.01,0.82,-0.0,4.01,0.82,-0.0
4.831,4.01,0.82,-0.0,4.01,0.82,-0.0
4.841,4.01,0.82,-0.0,4.01,0.82,-0.0
4.851,4.01,0.83,-0.0,4.01,0.83,-0.0
4.861,4.01,0.83,-0.0,4.01,0.83,-0.0
4.871,4.01,0.83,-0.0,4.01,0.83,-0.0
4.881,4.01,0.84,-0.0,4.01,0.84,-0.0
4.891,4.01,0.84,-0.0,4.01,0.84,-0.0
4.901,4.01,0.84,-0.0,4.01,0.84,-0.0
4.911,4.01,0.84,-0.0,4.01,0.84,-0.0
4.921,4.01,0.85,-0.0,4.01,0.85,-0.0
4.931,4.01,0.85,-0.0,4.01,0.85,-0.0
4.941,4.01,0.85,-0.0,4.01,0.85,-0.0
4.951,4.01,0.86,-0.0,4.01,0.86,-0.0
4.961,4.01,0.86,-0.0,4.01,0.86,-0.0
4.971,4.01,0.86,-0.0,4.01,0.86,-0.0
4.981,4.02,0.86,-0.0,4.02,0.86,-0.0
4.990,4.02,0.87,-0.0,4.02,0.87,-0.0
5.001,4.02,0.87,-0.0,4.02,0.87,-0.0
5.011,4.02,0.87,-0.0,4.02,0.87,-0.0
5.021,4.02,0.88,-0.0,4.02,0.88,-0.0
5.031,4.02,0.88,-0.0,4.02,0.88,-0.0
5.041,4.02,0.88,-0.0,4.02,0.88,-0.0
5.051,4.02,0.89,-0.0,4.02,0.89,-0.0
5.060,4.02,0.89,-0.0,4.02,0.89,-0.0
5.071,4.02,0.89,-0.0,4.02,0.89,-0.0
5.081,4.02,0.89,-0.0,4.02,0.89,-0.0
5.091,4.02,0.9,-0.0,4.02,0.9,-0.0
5.101,4.02,0.9,-0.0,4.02,0.9,-0.0
5.111,4.02,0.9,-0.0,4.02,0.9,-0.0
5.122,4.02,0.91,-0.0,4.02,0.91,-0.0
5.132,4.02,0.91,-0.0,4.02,0.91,-0.0
5.141,4.02,0.91,-0.0,4.02,0.91,-0.0
5.152,4.02,0.92,-0.0,4.02,0.92,-0.0
5.162,4.02,0.92,-0.0,4.02,0.92,-0.0
5.171,4.02,0.92,-0.0,4.02,0.92,-0.0
5.182,4.02,0.92,-0.0,4.02,0.92,-0.0
5.192,4.02,0.93,-0.0,4.02,0.93,-0.0
5.202,4.02,0.93,-0.0,4.02,0.93,-0.0
5.212,4.02,0.93,-0.0,4.02,0.93,-0.0
5.222,4.02,0.94,-0.0,4.02,0.94,-0.0
5.232,4.02,0.94,-0.0,4.02,0.94,-0.0
5.242,4.02,0.94,-0.0,4.02,0.94,-0.0
5.252,4.02,0.95,-0.0,4.02,0.95,-0.0
5.261,4.02,0.95,-0.0,4.02,0.95,-0.0
5.271,4.03,0.95,-0.0,4.03,0.95,-0.0
5.281,4.03,0.95,-0.0,4.03,0.95,-0.0
5.291,4.03,0.96,-0.0,4.03,0.96,-0.0
5.302,4.03,0.96,-0.0,4.03,0.96,-0.0
5.312,4.03,0.96,-0.0,4.03,0.96,-0.0
5.322,4.03,0.97,-0.0,4.03,0.97,-0.0
5.332,4.03,0.97,-0.0,4.03,0.97,-0.0
5.342,4.03,0.97,-0.0,4.03,0.97,-0.0
5.352,4.03,0.98,-0.0,4.03,0.98,-0.0
5.362,4.03,0.98,-0.0,4.03,0.98,-0.0
5.372,4.03,0.98,-0.0,4.03,0.98,-0.0
5.380,4.03,0.98,-0.0,4.03,0.98,-0.0
5.391,4.03,0.99,-0.0,4.03,0.99,-0.0
5.402,4.03,0.99,-0.0,4.03,0.99,-0.0
5.411,4.03,0.99,-0.0,4.03,0.99,-0.0
5.421,4.03,1.0,-0.0,4.03,1.0,-0.0
5.432,4.03,1.0,-0.0,4.03,1.0,-0.0
5.442,4.03,1.0,-0.0,4.03,1.0,-0.0
5.452,4.03,1.01,-0.0,4.03,1.01,-0.0
5.461,4.03,1.01,-0.0,4.03,1.01,-0.0
5.472,4.03,1.01,-0.0,4.03,1.01,-0.0
5.482,4.03,1.01,-0.0,4.03,1.01,-0.0
5.492,4.03,1.02,-0.0,4.03,1.02,-0.0
5.502,4.03,1.02,-0.0,4.03,1.02,-0.0
5.512,4.03,1.02,-0.0,4.03,1.02,-0.0
5.521,4.03,1.03,-0.0,4.03,1.03,-0.0
5.532,4.03,1.03,-0.0,4.03,1.03,-0.0
5.542,4.03,1.03,-0.0,4.03,1.03,-0.0
5.552,4.03,1.04,-0.0,4.03,1.04,-0.0
5.562,4.03,1.04,-0.0,4.03,1.04,-0.0
5.570,4.03,1.04,-0.0,4.03,1.04,-0.0
5.582,4.03,1.04,-0.0,4.03,1.04,-0.0
5.591,4.03,1.05,-0.0,4.03,1.05,-0.0
5.602,4.03,1.05,-0.0,4.03,1.05,-0.0
5.611,4.03,1.05,-0.0,4.03,1.05,-0.0
5.622,4.03,1.06,-0.0,4.03,1.06,-0.0
5.632,4.03,1.06,-0.0,4.03,1.06,-0.0
5.642,4.03,1.06,-0.0,4.03,1.06,-0.0
5.652,4.03,1.07,-0.0,4.03,1.07,-0.0
5.662,4.03,1.07,-0.0,4.03,1.07,-0.0
5.672,4.03,1.07,-0.0,4.03,1.07,-0.0
5.681,4.03,1.07,-0.0,4.03,1.07,-0.0
5.692,4.03,1.08,-0.0,4.03,1.08,-0.0
5.702,4.03,1.08,-0.0,4.03,1.08,-0.0
5.712,4.03,1.08,-0.0,4.03,1.08,-0.0
5.722,4.03,1.09,-0.0,4.03,1.09,-0.0
5.732,4.03,1.09,-0.0,4.03,1.09,-0.0
5.742,4.03,1.09,-0.0,4.03,1.09,-0.0
5.752,4.03,1.1,-0.0,4.03,1.1,-0.0
5.762,4.02,1.1,-0.0,4.02,1.1,-0.0
5.772,4.02,1.1,-0.0,4.02,1.1,-0.0
5.782,4.02,1.1,-0.0,4.02,1.1,-0.0
5.792,4.02,1.11,-0.0,4.02,1.11,-0.0
5.802,4.02,1.11,-0.0,4.02,1.11,-0.0
5.812,4.02,1.11,-0.0,4.02,1.11,-0.0
5.821,4.02,1.12,-0.0,4.02,1.12,-0.0
5.831,4.02,1.12,-0.0,4.02,1.12,-0.0
5.841,4.02,1.12,-0.0,4.02,1.12,-0.0
5.851,4.02,1.13,-0.0,4.02,1.13,-0.0
5.862,4.02,1.13,-0.0,4.02,1.13,-0.0
5.872,4.02,1.13,-0.0,4.02,1.13,-0.0
5.882,4.02,1.13,-0.0,4.02,1.13,-0.0
5.891,4.02,1.14,-0.0,4.02,1.14,-0.0
5.901,4.02,1.14,-0.0,4.02,1.14,-0.0
5.912,4.02,1.14,-0.0,4.02,1.14,-0.0
5.922,4.02,1.15,-0.0,4.02,1.15,-0.0
5.932,4.02,1.15,-0.0,4.02,1.15,-0.0
5.941,4.02,1.15,-0.0,4.02,1.15,-0.0
5.951,4.02,1.16,-0.0,4.02,1.16,-0.0
5.961,4.02,1.16,-0.0,4.02,1.16,-0.0
5.971,4.02,1.16,-0.0,4.02,1.16,-0.0
5.981,4.02,1.16,-0.0,4.02,1.16,-0.0
5.991,4.02,1.17,-0.0,4.02,1.17,-0.0
6.001,4.02,1.17,-0.0,4.02,1.17,-0.0
6.012,4.02,1.17,-0.0,4.02,1.17,-0.0
6.022,4.02,1.18,-0.0,4.02,1.18,-0.0
6.032,4.02,1.18,-0.0,4.02,1.18,-0.0
6.041,4.01,1.18,-0.0,4.01,1.18,-0.0
6.051,4.01,1.19,-0.0,4.01,1.19,-0.0
6.062,4.01,1.19,-0.0,4.01,1.19,-0.0
6.071,4.01,1.19,-0.0,4.01,1.19,-0.0
6.082,4.01,1.19,-0.0,4.01,1.19,-0.0
6.091,4.01,1.2,-0.0,4.01,1.2,-0.0
6.101,4.01,1.2,-0.0,4.01,1.2,-0.0
6.111,4.01,1.2,-0.0,4.01,1.2,-0.0
6.122,4.01,1.21,-0.0,4.01,1.21,-0.0
6.132,4.01,1.21,-0.0,4.01,1.21,-0.0
6.142,4.01,1.21,-0.0,4.01,1.21,-0.0
6.152,4.01,1.21,-0.0,4.01,1.21,-0.0
6.162,4.01,1.22,-0.0,4.01,1.22,-0.0
6.172,4.01,1.22,-0.0,4.01,1.22,-0.0
6.182,4.01,1.22,-0.0,4.01,1.22,-0.0
6.192,4.01,1.23,-0.0,4.01,1.23,-0.0
6.202,4.01,1.23,-0.0,4.01,1.23,-0.0
6.212,4.0,1.23,-0.0,4.0,1.23,-0.0
6.222,4.0,1.24,-0.0,4.0,1.24,-0.0
6.232,4.0,1.24,-0.0,4.0,1.24,-0.0
6.242,4.0,1.24,-0.0,4.0,1.24,-0.0
6.251,4.0,1.24,-0.0,4.0,1.24,-0.0
6.262,4.0,1.25,-0.0,4.0,1.25,-0.0
6.271,4.0,1.25,-0.0,4.0,1.25,-0.0
6.281,4.0,1.25,-0.0,4.0,1.25,-0.0
6.292,4.0,1.26,-0.0,4.0,1.26,-0.0
6.302,4.0,1.26,-0.0,4.0,1.26,-0.0
6.312,4.0,1.26,-0.0,4.0,1.26,-0.0
6.321,4.0,1.26,-0.0,4.0,1.26,-0.0
6.332,4.0,1.27,-0.0,4.0,1.27,-0.0
6.341,4.0,1.27,-0.0,4.0,1.27,-0.0
6.352,3.99,1.27,-0.0,3.99,1.27,-0.0
6.361,3.99,1.28,-0.0,3.99,1.28,-0.0
6.371,3.99,1.28,-0.0,3.99,1.28,-0.0
6.382,3.99,1.28,-0.0,3.99,1.28,-0.0
6.392,3.99,1.29,-0.0,3.99,1.29,-0.0
6.402,3.99,1.29,-0.0,3.99,1.29,-0.0
6.412,3.99,1.29,-0.0,3.99,1.29,-0.0
6.422,3.99,1.29,-0.0,3.99,1.29,-0.0
6.429,3.99,1.3,-0.0,3.99,1.3,-0.0
6.442,3.99,1.3,-0.0,3.99,1.3,-0.0
6.451,3.99,1.3,-0.0,3.99,1.3,-0.0
6.462,3.99,1.31,-0.0,3.99,1.31,-0.0
6.471,3.98,1.31,-0.0,3.98,1.31,-0.0
6.482,3.98,1.31,-0.0,3.98,1.31,-0.0
6.491,3.98,1.31,-0.0,3.98,1.31,-0.0
6.502,3.98,1.32,-0.0,3.98,1.32,-0.0
6.512,3.98,1.32,-0.0,3.98,1.32,-0.0
6.521,3.98,1.32,-0.0,3.98,1.32,-0.0
6.532,3.98,1.33,-0.0,3.98,1.33,-0.0
6.542,3.98,1.33,-0.0,3.98,1.33,-0.0
6.552,3.98,1.33,-0.0,3.98,1.33,-0.0
6.562,3.98,1.33,-0.0,3.98,1.33,-0.0
6.571,3.98,1.34,-0.0,3.98,1.34,-0.0
6.582,3.97,1.34,-0.0,3.97,1.34,-0.0
6.592,3.97,1.34,-0.0,3.97,1.34,-0.0
6.602,3.97,1.35,-0.0,3.97,1.35,-0.0
6.612,3.97,1.35,-0.0,3.97,1.35,-0.0
6.622,3.97,1.35,-0.0,3.97,1.35,-0.0
6.632,3.97,1.35,-0.0,3.97,1.35,-0.0
6.641,3.97,1.36,-0.0,3.97,1.36,-0.0
6.651,3.97,1.36,-0.0,3.97,1.36,-0.0
6.661,3.97,1.36,-0.0,3.97,1.36,-0.0
6.671,3.97,1.37,-0.0,3.97,1.37,-0.0
6.682,3.96,1.37,-0.0,3.96,1.37,-0.0
6.692,3.96,1.37,-0.0,3.96,1.37,-0.0
6.701,3.96,1.37,-0.0,3.96,1.37,-0.0
6.712,3.96,1.38,-0.0,3.96,1.38,-0.0
6.721,3.96,1.38,-0.0,3.96,1.38,-0.0
6.731,3.96,1.38,-0.0,3.96,1.38,-0.0
6.741,3.96,1.39,-0.0,3.96,1.39,-0.0
6.751,3.96,1.39,-0.0,3.96,1.39,-0.0
6.761,3.96,1.39,-0.0,3.96,1.39,-0.0
6.771,3.95,1.39,-0.0,3.95,1.39,-0.0
6.782,3.95,1.4,-0.0,3.95,1.4,-0.0
6.791,3.95,1.4,-0.0,3.95,1.4,-0.0
6.801,3.95,1.4,-0.0,3.95,1.4,-0.0
6.812,3.95,1.4,-0.0,3.95,1.4,-0.0
6.822,3.95,1.41,-0.0,3.95,1.41,-0.0
6.832,3.95,1.41,-0.0,3.95,1.41,-0.0
6.842,3.95,1.41,-0.0,3.95,1.41,-0.0
6.852,3.94,1.42,-0.0,3.94,1.42,-0.0
6.862,3.94,1.42,-0.0,3.94,1.42,-0.0
6.871,3.94,1.42,-0.0,3.94,1.42,-0.0
6.882,3.94,1.42,-0.0,3.94,1.42,-0.0
6.892,3.94,1.43,-0.0,3.94,1.43,-0.0
6.902,3.94,1.43,-0.0,3.94,1.43,-0.0
6.912,3.94,1.43,-0.0,3.94,1.43,-0.0
6.921,3.94,1.43,-0.0,3.94,1.43,-0.0
6.932,3.93,1.44,-0.0,3.93,1.44,-0.0
6.941,3.93,1.44,-0.0,3.93,1.44,-0.0
6.952,3.93,1.44,-0.0,3.93,1.44,-0.0
6.962,3.93,1.45,-0.0,3.93,1.45,-0.0
6.972,3.93,1.45,-0.0,3.93,1.45,-0.0
6.982,3.93,1.45,-0.0,3.93,1.45,-0.0
6.992,3.93,1.45,-0.0,3.93,1.45,-0.0
7.002,3.93,1.46,-0.0,3.93,1.46,-0.0
7.012,3.92,1.46,-0.0,3.92,1.46,-0.0
7.021,3.92,1.46,-0.0,3.92,1.46,-0.0
7.031,3.92,1.46,-0.0,3.92,1.46,-0.0
7.042,3.92,1.47,-0.0,3.92,1.47,-0.0
7.051,3.92,1.47,-0.0,3.92,1.47,-0.0
7.061,3.92,1.47,-0.0,3.92,1.47,-0.0
7.072,3.92,1.48,-0.0,3.92,1.48,-0.0
7.081,3.91,1.48,-0.0,3.91,1.48,-0.0
7.091,3.91,1.48,-0.0,3.91,1.48,-0.0
7.102,3.91,1.48,-0.0,3.91,1.48,-0.0
7.111,3.91,1.49,-0.0,3.91,1.49,-0.0
7.122,3.91,1.49,-0.0,3.91,1.49,-0.0
7.131,3.91,1.49,-0.0,3.91,1.49,-0.0
7.141,3.91,1.49,-0.0,3.91,1.49,-0.0
7.152,3.9,1.5,-0.0,3.9,1.5,-0.0
7.162,3.9,1.5,-0.0,3.9,1.5,-0.0
7.172,3.9,1.5,-0.0,3.9,1.5,-0.0
7.182,3.9,1.5,-0.0,3.9,1.5,-0.0
7.192,3.9,1.51,-0.0,3.9,1.51,-0.0
7.202,3.9,1.51,-0.0,3.9,1.51,-0.0
7.212,3.9,1.51,-0.0,3.9,1.51,-0.0
7.219,3.89,1.51,-0.0,3.89,1.51,-0.0
7.232,3.89,1.52,-0.0,3.89,1.52,-0.0
7.241,3.89,1.52,-0.0,3.89,1.52,-0.0
7.252,3.89,1.52,-0.0,3.89,1.52,-0.0
7.261,3.89,1.52,-0.0,3.89,1.52,-0.0
7.272,3.89,1.53,-0.0,3.89,1.53,-0.0
7.278,3.89,1.53,-0.0,3.89,1.53,-0.0
7.291,3.88,1.53,-0.0,3.88,1.53,-0.0
7.302,3.88,1.54,-0.0,3.88,1.54,-0.0
7.312,3.88,1.54,-0.0,3.88,1.54,-0.0
7.322,3.88,1.54,-0.0,3.88,1.54,-0.0
7.331,3.88,1.54,-0.0,3.88,1.54,-0.0
7.342,3.88,1.55,-0.0,3.88,1.55,-0.0
7.352,3.87,1.55,-0.0,3.87,1.55,-0.0
7.362,3.87,1.55,-0.0,3.87,1.55,-0.0
7.372,3.87,1.55,-0.0,3.87,1.55,-0.0
7.382,3.87,1.56,-0.0,3.87,1.56,-0.0
7.391,3.87,1.56,-0.0,3.87,1.56,-0.0
7.402,3.87,1.56,-0.0,3.87,1.56,-0.0
7.412,3.86,1.56,-0.0,3.86,1.56,-0.0
7.422,3.86,1.57,-0.0,3.86,1.57,-0.0
7.432,3.86,1.57,-0.0,3.86,1.57,-0.0
7.442,3.86,1.57,-0.0,3.86,1.57,-0.0
7.450,3.86,1.57,-0.0,3.86,1.57,-0.0
7.459,3.86,1.58,-0.0,3.86,1.58,-0.0
7.472,3.85,1.58,-0.0,3.85,1.58,-0.0
7.482,3.85,1.58,-0.0,3.85,1.58,-0.0
7.492,3.85,1.58,-0.0,3.85,1.58,-0.0
7.501,3.85,1.59,-0.0,3.85,1.59,-0.0
7.511,3.85,1.59,-0.0,3.85,1.59,-0.0
7.521,3.85,1.59,-0.0,3.85,1.59,-0.0
7.532,3.84,1.59,-0.0,3.84,1.59,-0.0
7.542,3.84,1.6,-0.0,3.84,1.6,-0.0
7.552,3.84,1.6,-0.0,3.84,1.6,-0.0
7.562,3.84,1.6,-0.0,3.84,1.6,-0.0
7.572,3.84,1.6,-0.0,3.84,1.6,-0.0
7.582,3.84,1.6,-0.0,3.84,1.6,-0.0
7.592,3.83,1.61,-0.0,3.83,1.61,-0.0
7.602,3.83,1.61,-0.0,3.83,1.61,-0.0
7.612,3.83,1.61,-0.0,3.83,1.61,-0.0
7.622,3.83,1.61,-0.0,3.83,1.61,-0.0
7.632,3.83,1.62,-0.0,3.83,1.62,-0.0
7.642,3.82,1.62,-0.0,3.82,1.62,-0.0
7.652,3.82,1.62,-0.0,3.82,1.62,-0.0
7.662,3.82,1.62,-0.0,3.82,1.62,-0.0
7.672,3.82,1.63,-0.0,3.82,1.63,-0.0
7.682,3.82,1.63,-0.0,3.82,1.63,-0.0
7.692,3.82,1.63,-0.0,3.82,1.63,-0.0
7.702,3.81,1.63,-0.0,3.81,1.63,-0.0
7.712,3.81,1.64,-0.0,3.81,1.64,-0.0
7.720,3.81,1.64,-0.0,3.81,1.64,-0.0
7.732,3.81,1.64,-0.0,3.81,1.64,-0.0
7.742,3.81,1.64,-0.0,3.81,1.64,-0.0
7.752,3.8,1.64,-0.0,3.8,1.64,-0.0
7.762,3.8,1.65,-0.0,3.8,1.65,-0.0
7.772,3.8,1.65,-0.0,3.8,1.65,-0.0
7.782,3.8,1.65,-0.0,3.8,1.65,-0.0
7.791,3.8,1.65,-0.0,3.8,1.65,-0.0
7.802,3.79,1.66,-0.0,3.79,1.66,-0.0
7.812,3.79,1.66,-0.0,3.79,1.66,-0.0
7.822,3.79,1.66,-0.0,3.79,1.66,-0.0
7.832,3.79,1.66,-0.0,3.79,1.66,-0.0
7.842,3.79,1.67,-0.0,3.79,1.67,-0.0
7.852,3.78,1.67,-0.0,3.78,1.67,-0.0
7.862,3.78,1.67,-0.0,3.78,1.67,-0.0
7.871,3.78,1.67,-0.0,3.78,1.67,-0.0
7.881,3.78,1.67,-0.0,3.78,1.67,-0.0
7.892,3.78,1.68,-0.0,3.78,1.68,-0.0
7.901,3.77,1.68,-0.0,3.77,1.68,-0.0
7.912,3.77,1.68,-0.0,3.77,1.68,-0.0
7.921,3.77,1.68,-0.0,3.77,1.68,-0.0
7.931,3.77,1.69,-0.0,3.77,1.69,-0.0
7.941,3.77,1.69,-0.0,3.77,1.69,-0.0
7.952,3.76,1.69,-0.0,3.76,1.69,-0.0
7.962,3.76,1.69,-0.0,3.76,1.69,-0.0
7.972,3.76,1.69,-0.0,3.76,1.69,-0.0
7.982,3.76,1.7,-0.0,3.76,1.7,-0.0
7.992,3.76,1.7,-0.0,3.76,1.7,-0.0
8.001,3.75,1.7,-0.0,3.75,1.7,-0.0
8.012,3.75,1.7,-0.0,3.75,1.7,-0.0
8.022,3.75,1.71,-0.0,3.75,1.71,-0.0
8.032,3.75,1.71,-0.0,3.75,1.71,-0.0
8.042,3.75,1.71,-0.0,3.75,1.71,-0.0
8.052,3.74,1.71,-0.0,3.74,1.71,-0.0
8.062,3.74,1.71,-0.0,3.74,1.71,-0.0
8.072,3.74,1.72,-0.0,3.74,1.72,-0.0
8.082,3.74,1.72,-0.0,3.74,1.72,-0.0
8.092,3.74,1.72,-0.0,3.74,1.72,-0.0
8.102,3.73,1.72,-0.0,3.73,1.72,-0.0
8.112,3.73,1.72,-0.0,3.73,1.72,-0.0
8.122,3.73,1.73,-0.0,3.73,1.73,-0.0
8.132,3.73,1.73,-0.0,3.73,1.73,-0.0
8.142,3.72,1.73,-0.0,3.72,1.73,-0.0
8.152,3.72,1.73,-0.0,3.72,1.73,-0.0
8.162,3.72,1.73,-0.0,3.72,1.73,-0.0
8.172,3.72,1.74,-0.0,3.72,1.74,-0.0
8.181,3.72,1.74,-0.0,3.72,1.74,-0.0
8.192,3.71,1.74,-0.0,3.71,1.74,-0.0
8.202,3.71,1.74,-0.0,3.71,1.74,-0.0
8.212,3.71,1.75,-0.0,3.71,1.75,-0.0
8.222,3.71,1.75,-0.0,3.71,1.75,-0.0
8.232,3.7,1.75,-0.0,3.7,1.75,-0.0
8.242,3.7,1.75,-0.0,3.7,1.75,-0.0
8.252,3.7,1.75,-0.0,3.7,1.75,-0.0
8.262,3.7,1.76,-0.0,3.7,1.76,-0.0
8.271,3.7,1.76,-0.0,3.7,1.76,-0.0
8.280,3.69,1.76,-0.0,3.69,1.76,-0.0
8.288,3.69,1.76,-0.0,3.69,1.76,-0.0
8.300,3.69,1.76,-0.0,3.69,1.76,-0.0
8.311,3.69,1.77,-0.0,3.69,1.77,-0.0
8.321,3.68,1.77,-0.0,3.68,1.77,-0.0
8.332,3.68,1.77,-0.0,3.68,1.77,-0.0
8.340,3.68,1.77,-0.0,3.68,1.77,-0.0
8.350,3.68,1.77,-0.0,3.68,1.77,-0.0
8.362,3.68,1.77,-0.0,3.68,1.77,-0.0
8.372,3.67,1.78,-0.0,3.67,1.78,-0.0
8.381,3.67,1.78,-0.0,3.67,1.78,-0.0
8.391,3.67,1.78,-0.0,3.67,1.78,-0.0
8.402,3.67,1.78,-0.0,3.67,1.78,-0.0
8.410,3.66,1.78,-0.0,3.66,1.78,-0.0
8.422,3.66,1.79,-0.0,3.66,1.79,-0.0
8.431,3.66,1.79,-0.0,3.66,1.79,-0.0
8.441,3.66,1.79,-0.0,3.66,1.79,-0.0
8.451,3.65,1.79,-0.0,3.65,1.79,-0.0
8.461,3.65,1.79,-0.0,3.65,1.79,-0.0
8.471,3.65,1.8,-0.0,3.65,1.8,-0.0
8.481,3.65,1.8,-0.0,3.65,1.8,-0.0
8.491,3.65,1.8,-0.0,3.65,1.8,-0.0
8.501,3.64,1.8,-0.0,3.64,1.8,-0.0
8.511,3.64,1.8,-0.0,3.64,1.8,-0.0
8.521,3.64,1.81,-0.0,3.64,1.81,-0.0
8.529,3.64,1.81,-0.0,3.64,1.81,-0.0
8.541,3.63,1.81,-0.0,3.63,1.81,-0.0
8.551,3.63,1.81,-0.0,3.63,1.81,-0.0
8.561,3.63,1.81,-0.0,3.63,1.81,-0.0
8.571,3.63,1.81,-0.0,3.63,1.81,-0.0
8.581,3.62,1.82,-0.0,3.62,1.82,-0.0
8.591,3.62,1.82,-0.0,3.62,1.82,-0.0
8.601,3.62,1.82,-0.0,3.62,1.82,-0.0
8.611,3.62,1.82,-0.0,3.62,1.82,-0.0
8.621,3.61,1.82,-0.0,3.61,1.82,-0.0
8.631,3.61,1.82,-0.0,3.61,1.82,-0.0
8.641,3.61,1.83,-0.0,3.61,1.83,-0.0
8.651,3.61,1.83,-0.0,3.61,1.83,-0.0
8.661,3.6,1.83,-0.0,3.6,1.83,-0.0
8.671,3.6,1.83,-0.0,3.6,1.83,-0.0
8.681,3.6,1.83,-0.0,3.6,1.83,-0.0
8.691,3.6,1.84,-0.0,3.6,1.84,-0.0
8.701,3.59,1.84,-0.0,3.59,1.84,-0.0
8.711,3.59,1.84,-0.0,3.59,1.84,-0.0
8.721,3.59,1.84,-0.0,3.59,1.84,-0.0
8.731,3.59,1.84,-0.0,3.59,1.84,-0.0
8.741,3.58,1.84,-0.0,3.58,1.84,-0.0
8.751,3.58,1.85,-0.0,3.58,1.85,-0.0
8.761,3.58,1.85,-0.0,3.58,1.85,-0.0
8.771,3.58,1.85,-0.0,3.58,1.85,-0.0
8.781,3.57,1.85,-0.0,3.57,1.85,-0.0
8.791,3.57,1.85,-0.0,3.57,1.85,-0.0
8.801,3.57,1.85,-0.0,3.57,1.85,-0.0
8.811,3.57,1.85,-0.0,3.57,1.85,-0.0
8.821,3.56,1.86,-0.0,3.56,1.86,-0.0
8.831,3.56,1.86,-0.0,3.56,1.86,-0.0
8.841,3.56,1.86,-0.0,3.56,1.86,-0.0
8.851,3.56,1.86,-0.0,3.56,1.86,-0.0
8.858,3.55,1.86,-0.0,3.55,1.86,-0.0
8.872,3.55,1.86,-0.0,3.55,1.86,-0.0
8.882,3.55,1.87,-0.0,3.55,1.87,-0.0
8.892,3.55,1.87,-0.0,3.55,1.87,-0.0
8.902,3.54,1.87,-0.0,3.54,1.87,-0.0
8.912,3.54,1.87,-0.0,3.54,1.87,-0.0
8.922,3.54,1.87,-0.0,3.54,1.87,-0.0
8.932,3.54,1.87,-0.0,3.54,1.87,-0.0
8.942,3.53,1.88,-0.0,3.53,1.88,-0.0
8.952,3.53,1.88,-0.0,3.53,1.88,-0.0
8.962,3.53,1.88,-0.0,3.53,1.88,-0.0
8.972,3.53,1.88,-0.0,3.53,1.88,-0.0
8.982,3.52,1.88,-0.0,3.52,1.88,-0.0
8.992,3.52,1.88,-0.0,3.52,1.88,-0.0
9.002,3.52,1.88,-0.0,3.52,1.88,-0.0
9.012,3.52,1.89,-0.0,3.52,1.89,-0.0
9.022,3.51,1.89,-0.0,3.51,1.89,-0.0
9.032,3.51,1.89,-0.0,3.51,1.89,-0.0
9.042,3.51,1.89,-0.0,3.51,1.89,-0.0
9.052,3.5,1.89,-0.0,3.5,1.89,-0.0
9.062,3.5,1.89,-0.0,3.5,1.89,-0.0
9.072,3.5,1.89,-0.0,3.5,1.89,-0.0
9.082,3.5,1.9,-0.0,3.5,1.9,-0.0
9.092,3.49,1.9,-0.0,3.49,1.9,-0.0
9.102,3.49,1.9,-0.0,3.49,1.9,-0.0
9.112,3.49,1.9,-0.0,3.49,1.9,-0.0
9.122,3.49,1.9,-0.0,3.49,1.9,-0.0
9.132,3.48,1.9,-0.0,3.48,1.9,-0.0
9.142,3.48,1.9,-0.0,3.48,1.9,-0.0
9.152,3.48,1.91,-0.0,3.48,1.91,-0.0
9.162,3.48,1.91,-0.0,3.48,1.91,-0.0
9.172,3.47,1.91,-0.0,3.47,1.91,-0.0
9.182,3.47,1.91,-0.0,3.47,1.91,-0.0
9.192,3.47,1.91,-0.0,3.47,1.91,-0.0
9.202,3.46,1.91,-0.0,3.46,1.91,-0.0
9.212,3.46,1.91,-0.0,3.46,1.91,-0.0
9.222,3.46,1.91,-0.0,3.46,1.91,-0.0
9.232,3.46,1.92,-0.0,3.46,1.92,-0.0
9.242,3.45,1.92,-0.0,3.45,1.92,-0.0
9.252,3.45,1.92,-0.0,3.45,1.92,-0.0
9.262,3.45,1.92,-0.0,3.45,1.92,-0.0
9.272,3.45,1.92,-0.0,3.45,1.92,-0.0
9.282,3.44,1.92,-0.0,3.44,1.92,-0.0
9.292,3.44,1.92,-0.0,3.44,1.92,-0.0
9.302,3.44,1.92,-0.0,3.44,1.92,-0.0
9.312,3.43,1.93,-0.0,3.43,1.93,-0.0
9.322,3.43,1.93,-0.0,3.43,1.93,-0.0
9.332,3.43,1.93,-0.0,3.43,1.93,-0.0
9.342,3.43,1.93,-0.0,3.43,1.93,-0.0
9.352,3.42,1.93,-0.0,3.42,1.93,-0.0
9.362,3.42,1.93,-0.0,3.42,1.93,-0.0
9.372,3.42,1.93,-0.0,3.42,1.93,-0.0
9.382,3.42,1.93,-0.0,3.42,1.93,-0.0
9.392,3.41,1.94,-0.0,3.41,1.94,-0.0
9.402,3.41,1.94,-0.0,3.41,1.94,-0.0
9.412,3.41,1.94,-0.0,3.41,1.94,-0.0
9.422,3.4,1.94,-0.0,3.4,1.94,-0.0
9.432,3.4,1.94,-0.0,3.4,1.94,-0.0
9.442,3.4,1.94,-0.0,3.4,1.94,-0.0
9.452,3.4,1.94,-0.0,3.4,1.94,-0.0
9.462,3.39,1.94,-0.0,3.39,1.94,-0.0
9.472,3.39,1.94,-0.0,3.39,1.94,-0.0
9.482,3.39,1.95,-0.0,3.39,1.95,-0.0
9.492,3.38,1.95,-0.0,3.38,1.95,-0.0
9.502,3.38,1.95,-0.0,3.38,1.95,-0.0
9.512,3.38,1.95,-0.0,3.38,1.95,-0.0
9.522,3.38,1.95,-0.0,3.38,1.95,-0.0
9.532,3.37,1.95,-0.0,3.37,1.95,-0.0
9.542,3.37,1.95,-0.0,3.37,1.95,-0.0
9.552,3.37,1.95,-0.0,3.37,1.95,-0.0
9.562,3.36,1.95,-0.0,3.36,1.95,-0.0
9.572,3.36,1.96,-0.0,3.36,1.96,-0.0
9.582,3.36,1.96,-0.0,3.36,1.96,-0.0
9.592,3.36,1.96,-0.0,3.36,1.96,-0.0
9.602,3.35,1.96,-0.0,3.35,1.96,-0.0
9.612,3.35,1.96,-0.0,3.35,1.96,-0.0
9.622,3.35,1.96,-0.0,3.35,1.96,-0.0
9.632,3.35,1.96,-0.0,3.35,1.96,-0.0
9.642,3.34,1.96,-0.0,3.34,1.96,-0.0
9.652,3.34,1.96,-0.0,3.34,1.96,-0.0
9.662,3.34,1.96,-0.0,3.34,1.96,-0.0
9.672,3.33,1.96,-0.0,3.33,1.96,-0.0
9.682,3.33,1.97,-0.0,3.33,1.97,-0.0
9.692,3.33,1.97,-0.0,3.33,1.97,-0.0
9.702,3.33,1.97,-0.0,3.33,1.97,-0.0
9.712,3.32,1.97,-0.0,3.32,1.97,-0.0
9.722,3.32,1.97,-0.0,3.32,1.97,-0.0
9.732,3.32,1.97,-0.0,3.32,1.97,-0.0
9.742,3.31,1.97,-0.0,3.31,1.97,-0.0
9.752,3.31,1.97,-0.0,3.31,1.97,-0.0
9.762,3.31,1.97,-0.0,3.31,1.97,-0.0
9.772,3.3,1.97,-0.0,3.3,1.97,-0.0
9.782,3.3,1.97,-0.0,3.3,1.97,-0.0
9.792,3.3,1.98,-0.0,3.3,1.98,-0.0
9.802,3.3,1.98,-0.0,3.3,1.98,-0.0
9.812,3.29,1.98,-0.0,3.29,1.98,-0.0
9.822,3.29,1.98,-0.0,3.29,1.98,-0.0
9.832,3.29,1.98,-0.0,3.29,1.98,-0.0
9.842,3.28,1.98,-0.0,3.28,1.98,-0.0
9.852,3.28,1.98,-0.0,3.28,1.98,-0.0
9.862,3.28,1.98,-0.0,3.28,1.98,-0.0
9.872,3.28,1.98,-0.0,3.28,1.98,-0.0
9.882,3.27,1.98,-0.0,3.27,1.98,-0.0
9.892,3.27,1.98,-0.0,3.27,1.98,-0.0
9.902,3.27,1.98,-0.0,3.27,1.98,-0.0
9.912,3.26,1.98,-0.0,3.26,1.98,-0.0
9.922,3.26,1.99,-0.0,3.26,1.99,-0.0
9.932,3.26,1.99,-0.0,3.26,1.99,-0.0
9.942,3.26,1.99,-0.0,3.26,1.99,-0.0
9.952,3.25,1.99,-0.0,3.25,1.99,-0.0
9.962,3.25,1.99,-0.0,3.25,1.99,-0.0
9.972,3.25,1.99,-0.0,3.25,1.99,-0.0
9.982,3.24,1.99,-0.0,3.24,1.99,-0.0
9.992,3.24,1.99,-0.0,3.24,1.99,-0.0
10.002,3.24,1.99,-0.0,3.24,1.99,-0.0
10.012,3.24,1.99,-0.0,3.24,1.99,-0.0
10.022,3.23,1.99,-0.0,3.23,1.99,-0.0
10.032,3.23,1.99,-0.0,3.23,1.99,-0.0
10.042,3.23,1.99,-0.0,3.23,1.99,-0.0
10.052,3.22,1.99,-0.0,3.22,1.99,-0.0
10.062,3.22,1.99,-0.0,3.22,1.99,-0.0
10.072,3.22,1.99,-0.0,3.22,1.99,-0.0
10.082,3.21,2.0,-0.0,3.21,2.0,-0.0
10.092,3.21,2.0,-0.0,3.21,2.0,-0.0
10.102,3.21,2.0,-0.0,3.21,2.0,-0.0
10.112,3.21,2.0,-0.0,3.21,2.0,-0.0
10.122,3.2,2.0,-0.0,3.2,2.0,-0.0
10.132,3.2,2.0,-0.0,3.2,2.0,-0.0
10.142,3.2,2.0,-0.0,3.2,2.0,-0.0
10.152,3.19,2.0,-0.0,3.19,2.0,-0.0
10.162,3.19,2.0,-0.0,3.19,2.0,-0.0
10.172,3.19,2.0,-0.0,3.19,2.0,-0.0
10.182,3.19,2.0,-0.0,3.19,2.0,-0.0
10.192,3.18,2.0,-0.0,3.18,2.0,-0.0
10.202,3.18,2.0,-0.0,3.18,2.0,-0.0
10.212,3.18,2.0,-0.0,3.18,2.0,-0.0
10.222,3.17,2.0,-0.0,3.17,2.0,-0.0
10.232,3.17,2.0,-0.0,3.17,2.0,-0.0
10.242,3.17,2.0,-0.0,3.17,2.0,-0.0
10.252,3.16,2.0,-0.0,3.16,2.0,-0.0
10.262,3.16,2.0,-0.0,3.16,2.0,-0.0
10.272,3.16,2.0,-0.0,3.16,2.0,-0.0
10.282,3.16,2.01,-0.0,3.16,2.01,-0.0
10.292,3.15,2.01,-0.0,3.15,2.01,-0.0
10.302,3.15,2.01,-0.0,3.15,2.01,-0.0
10.312,3.15,2.01,-0.0,3.15,2.01,-0.0
10.322,3.14,2.01,-0.0,3.14,2.01,-0.0
10.332,3.14,2.01,-0.0,3.14,2.01,-0.0
10.342,3.14,2.01,-0.0,3.14,2.01,-0.0
10.352,3.13,2.01,-0.0,3.13,2.01,-0.0
10.362,3.13,2.01,-0.0,3.13,2.01,-0.0
10.372,3.13,2.01,-0.0,3.13,2.01,-0.0
10.382,3.13,2.01,-0.0,3.13,2.01,-0.0
10.392,3.12,2.01,-0.0,3.12,2.01,-0.0
10.402,3.12,2.01,-0.0,3.12,2.01,-0.0
10.412,3.12,2.01,-0.0,3.12,2.01,-0.0
10.422,3.11,2.01,-0.0,3.11,2.01,-0.0
10.432,3.11,2.01,-0.0,3.11,2.01,-0.0
10.442,3.11,2.01,-0.0,3.11,2.01,-0.0
10.452,3.1,2.01,-0.0,3.1,2.01,-0.0
10.462,3.1,2.01,-0.0,3.1,2.01,-0.0
10.472,3.1,2.01,-0.0,3.1,2.01,-0.0
10.482,3.1,2.01,-0.0,3.1,2.01,-0.0
10.492,3.09,2.01,-0.0,3.09,2.01,-0.0
10.502,3.09,2.01,-0.0,3.09,2.01,-0.0
10.512,3.09,2.01,-0.0,3.09,2.01,-0.0
10.522,3.08,2.01,-0.0,3.08,2.01,-0.0
10.532,3.08,2.01,-0.0,3.08,2.01,-0.0
10.542,3.08,2.01,-0.0,3.08,2.01,-0.0
10.552,3.07,2.01,-0.0,3.07,2.01,-0.0
10.562,3.07,2.01,-0.0,3.07,2.01,-0.0
10.572,3.07,2.01,-0.0,3.07,2.01,-0.0
10.582,3.07,2.01,-0.0,3.07,2.01,-0.0
10.592,3.06,2.01,-0.0,3.06,2.01,-0.0
10.602,3.06,2.01,-0.0,3.06,2.01,-0.0
10.612,3.06,2.01,-0.0,3.06,2.01,-0.0
10.622,3.05,2.01,-0.0,3.05,2.01,-0.0
10.632,3.05,2.01,-0.0,3.05,2.01,-0.0
10.642,3.05,2.01,-0.0,3.05,2.01,-0.0
10.652,3.04,2.01,-0.0,3.04,2.01,-0.0
10.662,3.04,2.01,-0.0,3.04,2.01,-0.0
10.672,3.04,2.01,-0.0,3.04,2.01,-0.0
10.682,3.04,2.01,-0.0,3.04,2.01,-0.0
10.692,3.03,2.01,-0.0,3.03,2.01,-0.0
10.702,3.03,2.01,-0.0,3.03,2.01,-0.0
10.712,3.03,2.01,-0.0,3.03,2.01,-0.0
10.722,3.02,2.01,-0.0,3.02,2.01,-0.0
10.732,3.02,2.01,-0.0,3.02,2.01,-0.0
10.742,3.02,2.01,-0.0,3.02,2.01,-0.0
10.752,3.01,2.01,-0.0,3.01,2.01,-0.0
10.762,3.01,2.01,-0.0,3.01,2.01,-0.0
10.772,3.01,2.01,-0.0,3.01,2.01,-0.0
10.782,3.01,2.01,-0.0,3.01,2.01,-0.0
10.792,3.0,2.01,-0.0,3.0,2.01,-0.0
10.802,3.0,2.01,-0.0,3.0,2.01,-0.0
10.812,3.0,2.01,-0.0,3.0,2.01,-0.0
10.822,2.99,2.01,-0.0,2.99,2.01,-0.0
10.832,2.99,2.01,-0.0,2.99,2.01,-0.0
10.842,2.99,2.01,-0.0,2.99,2.01,-0.0
10.852,2.98,2.01,-0.0,2.98,2.01,-0.0
10.862,2.98,2.01,-0.0,2.98,2.01,-0.0
10.872,2.98,2.01,-0.0,2.98,2.01,-0.0
10.882,2.98,2.01,-0.0,2.98,2.01,-0.0
10.892,2.97,2.01,-0.0,2.97,2.01,-0.0
10.902,2.97,2.01,-0.0,2.97,2.01,-0.0
10.912,2.97,2.01,-0.0,2.97,2.01,-0.0
10.922,2.96,2.01,-0.0,2.96,2.01,-0.0
10.932,2.96,2.01,-0.0,2.96,2.01,-0.0
10.942,2.96,2.01,-0.0,2.96,2.01,-0.0
10.952,2.95,2.01,-0.0,2.95,2.01,-0.0
10.962,2.95,2.01,-0.0,2.95,2.01,-0.0
10.972,2.95,2.01,-0.0,2.95,2.01,-0.0
10.982,2.95,2.01,-0.0,2.95,2.01,-0.0
10.992,2.94,2.01,-0.0,2.94,2.01,-0.0
11.002,2.94,2.01,-0.0,2.94,2.01,-0.0
11.012,2.94,2.01,-0.0,2.94,2.01,-0.0
11.022,2.93,2.01,-0.0,2.93,2.01,-0.0
11.032,2.93,2.01,-0.0,2.93,2.01,-0.0
11.042,2.93,2.01,-0.0,2.93,2.01,-0.0
11.052,2.92,2.01,-0.0,2.92,2.01,-0.0
11.062,2.92,2.01,-0.0,2.92,2.01,-0.0
11.072,2.92,2.01,-0.0,2.92,2.01,-0.0
11.082,2.92,2.01,-0.0,2.92,2.01,-0.0
11.092,2.91,2.01,-0.0,2.91,2.01,-0.0
11.102,2.91,2.01,-0.0,2.91,2.01,-0.0
11.112,2.91,2.01,-0.0,2.91,2.01,-0.0
11.122,2.9,2.01,-0.0,2.9,2.01,-0.0
11.132,2.9,2.01,-0.0,2.9,2.01,-0.0
11.142,2.9,2.01,-0.0,2.9,2.01,-0.0
11.152,2.89,2.01,-0.0,2.89,2.01,-0.0
11.162,2.89,2.01,-0.0,2.89,2.01,-0.0
11.172,2.89,2.01,-0.0,2.89,2.01,-0.0
11.182,2.89,2.0,-0.0,2.89,2.0,-0.0
11.192,2.88,2.0,-0.0,2.88,2.0,-0.0
11.202,2.88,2.0,-0.0,2.88,2.0,-0.0
11.212,2.88,2.0,-0.0,2.88,2.0,-0.0
11.222,2.87,2.0,-0.0,2.87,2.0,-0.0
11.232,2.87,2.0,-0.0,2.87,2.0,-0.0
11.242,2.87,2.0,-0.0,2.87,2.0,-0.0
11.252,2.86,2.0,-0.0,2.86,2.0,-0.0
11.262,2.86,2.0,-0.0,2.86,2.0,-0.0
11.272,2.86,2.0,-0.0,2.86,2.0,-0.0
11.282,2.86,2.0,-0.0,2.86,2.0,-0.0
11.292,2.85,2.0,-0.0,2.85,2.0,-0.0
11.302,2.85,2.0,-0.0,2.85,2.0,-0.0
11.312,2.85,2.0,-0.0,2.85,2.0,-0.0
11.322,2.84,2.0,-0.0,2.84,2.0,-0.0
11.332,2.84,2.0,-0.0,2.84,2.0,-0.0
11.342,2.84,2.0,-0.0,2.84,2.0,-0.0
11.352,2.84,2.0,-0.0,2.84,2.0,-0.0
11.362,2.83,2.0,-0.0,2.83,2.0,-0.0
11.372,2.83,1.99,-0.0,2.83,1.99,-0.0
11.382,2.83,1.99,-0.0,2.83,1.99,-0.0
11.392,2.82,1.99,-0.0,2.82,1.99,-0.0
11.402,2.82,1.99,-0.0,2.82,1.99,-0.0
11.412,2.82,1.99,-0.0,2.82,1.99,-0.0
11.422,2.81,1.99,-0.0,2.81,1.99,-0.0
11.432,2.81,1.99,-0.0,2.81,1.99,-0.0
11.442,2.81,1.99,-0.0,2.81,1.99,-0.0
11.452,2.81,1.99,-0.0,2.81,1.99,-0.0
11.462,2.8,1.99,-0.0,2.8,1.99,-0.0
11.472,2.8,1.99,-0.0,2.8,1.99,-0.0
11.482,2.8,1.99,-0.0,2.8,1.99,-0.0
11.492,2.79,1.99,-0.0,2.79,1.99,-0.0
11.502,2.79,1.99,-0.0,2.79,1.99,-0.0
11.512,2.79,1.99,-0.0,2.79,1.99,-0.0
11.522,2.79,1.98,-0.0,2.79,1.98,-0.0
11.532,2.78,1.98,-0.0,2.78,1.98,-0.0
11.542,2.78,1.98,-0.0,2.78,1.98,-0.0
11.552,2.78,1.98,-0.0,2.78,1.98,-0.0
11.562,2.77,1.98,-0.0,2.77,1.98,-0.0
11.572,2.77,1.98,-0.0,2.77,1.98,-0.0
11.582,2.77,1.98,-0.0,2.77,1.98,-0.0
11.592,2.76,1.98,-0.0,2.76,1.98,-0.0
11.602,2.76,1.98,-0.0,2.76,1.98,-0.0
11.612,2.76,1.98,-0.0,2.76,1.98,-0.0
11.615,2.76,1.98,-0.0,2.76,1.98,-0.0
11.631,2.75,1.98,-0.0,2.75,1.98,-0.0
11.638,2.75,1.98,-0.0,2.75,1.98,-0.0
11.651,2.75,1.97,-0.0,2.75,1.97,-0.0
11.659,2.74,1.97,-0.0,2.74,1.97,-0.0
11.669,2.74,1.97,-0.0,2.74,1.97,-0.0
11.677,2.74,1.97,-0.0,2.74,1.97,-0.0
11.688,2.74,1.97,-0.0,2.74,1.97,-0.0
11.701,2.73,1.97,-0.0,2.73,1.97,-0.0
11.706,2.73,1.97,-0.0,2.73,1.97,-0.0
11.721,2.73,1.97,-0.0,2.73,1.97,-0.0
11.729,2.72,1.97,-0.0,2.72,1.97,-0.0
11.741,2.72,1.97,-0.0,2.72,1.97,-0.0
11.749,2.72,1.97,-0.0,2.72,1.97,-0.0
11.759,2.72,1.96,-0.0,2.72,1.96,-0.0
11.769,2.71,1.96,-0.0,2.71,1.96,-0.0
11.780,2.71,1.96,-0.0,2.71,1.96,-0.0
11.791,2.71,1.96,-0.0,2.71,1.96,-0.0
11.802,2.7,1.96,-0.0,2.7,1.96,-0.0
11.812,2.7,1.96,-0.0,2.7,1.96,-0.0
11.822,2.7,1.96,-0.0,2.7,1.96,-0.0
11.832,2.7,1.96,-0.0,2.7,1.96,-0.0
11.842,2.69,1.96,-0.0,2.69,1.96,-0.0
11.852,2.69,1.96,-0.0,2.69,1.96,-0.0
11.862,2.69,1.95,-0.0,2.69,1.95,-0.0
11.872,2.68,1.95,-0.0,2.68,1.95,-0.0
11.882,2.68,1.95,-0.0,2.68,1.95,-0.0
11.892,2.68,1.95,-0.0,2.68,1.95,-0.0
11.902,2.68,1.95,-0.0,2.68,1.95,-0.0
11.912,2.67,1.95,-0.0,2.67,1.95,-0.0
11.922,2.67,1.95,-0.0,2.67,1.95,-0.0
11.932,2.67,1.95,-0.0,2.67,1.95,-0.0
11.942,2.66,1.95,-0.0,2.66,1.95,-0.0
11.952,2.66,1.94,-0.0,2.66,1.94,-0.0
11.962,2.66,1.94,-0.0,2.66,1.94,-0.0
11.972,2.66,1.94,-0.0,2.66,1.94,-0.0
11.982,2.65,1.94,-0.0,2.65,1.94,-0.0
11.992,2.65,1.94,-0.0,2.65,1.94,-0.0
12.002,2.65,1.94,-0.0,2.65,1.94,-0.0
12.012,2.65,1.94,-0.0,2.65,1.94,-0.0
12.022,2.64,1.94,-0.0,2.64,1.94,-0.0
12.032,2.64,1.94,-0.0,2.64,1.94,-0.0
12.042,2.64,1.93,-0.0,2.64,1.93,-0.0
12.052,2.63,1.93,-0.0,2.63,1.93,-0.0
12.062,2.63,1.93,-0.0,2.63,1.93,-0.0
12.072,2.63,1.93,-0.0,2.63,1.93,-0.0
12.082,2.63,1.93,-0.0,2.63,1.93,-0.0
12.092,2.62,1.93,-0.0,2.62,1.93,-0.0
12.102,2.62,1.93,-0.0,2.62,1.93,-0.0
12.112,2.62,1.93,-0.0,2.62,1.93,-0.0
12.122,2.61,1.92,-0.0,2.61,1.92,-0.0
12.132,2.61,1.92,-0.0,2.61,1.92,-0.0
12.142,2.61,1.92,-0.0,2.61,1.92,-0.0
12.152,2.61,1.92,-0.0,2.61,1.92,-0.0
12.162,2.6,1.92,-0.0,2.6,1.92,-0.0
12.172,2.6,1.92,-0.0,2.6,1.92,-0.0
12.182,2.6,1.92,-0.0,2.6,1.92,-0.0
12.192,2.6,1.92,-0.0,2.6,1.92,-0.0
12.202,2.59,1.91,-0.0,2.59,1.91,-0.0
12.212,2.59,1.91,-0.0,2.59,1.91,-0.0
12.222,2.59,1.91,-0.0,2.59,1.91,-0.0
12.232,2.59,1.91,-0.0,2.59,1.91,-0.0
12.242,2.58,1.91,-0.0,2.58,1.91,-0.0
12.252,2.58,1.91,-0.0,2.58,1.91,-0.0
12.262,2.58,1.91,-0.0,2.58,1.91,-0.0
12.272,2.57,1.9,-0.0,2.57,1.9,-0.0
12.282,2.57,1.9,-0.0,2.57,1.9,-0.0
12.292,2.57,1.9,-0.0,2.57,1.9,-0.0
12.302,2.57,1.9,-0.0,2.57,1.9,-0.0
12.312,2.56,1.9,-0.0,2.56,1.9,-0.0
12.322,2.56,1.9,-0.0,2.56,1.9,-0.0
12.332,2.56,1.9,-0.0,2.56,1.9,-0.0
12.342,2.56,1.89,-0.0,2.56,1.89,-0.0
12.352,2.55,1.89,-0.0,2.55,1.89,-0.0
12.362,2.55,1.89,-0.0,2.55,1.89,-0.0
12.372,2.55,1.89,-0.0,2.55,1.89,-0.0
12.382,2.55,1.89,-0.0,2.55,1.89,-0.0
12.392,2.54,1.89,-0.0,2.54,1.89,-0.0
12.402,2.54,1.89,-0.0,2.54,1.89,-0.0
12.412,2.54,1.88,-0.0,2.54,1.88,-0.0
12.422,2.54,1.88,-0.0,2.54,1.88,-0.0
12.432,2.53,1.88,-0.0,2.53,1.88,-0.0
12.441,2.53,1.88,-0.0,2.53,1.88,-0.0
12.452,2.53,1.88,-0.0,2.53,1.88,-0.0
12.462,2.52,1.88,-0.0,2.52,1.88,-0.0
12.472,2.52,1.88,-0.0,2.52,1.88,-0.0
12.482,2.52,1.87,-0.0,2.52,1.87,-0.0
12.492,2.52,1.87,-0.0,2.52,1.87,-0.0
12.502,2.51,1.87,-0.0,2.51,1.87,-0.0
12.512,2.51,1.87,-0.0,2.51,1.87,-0.0
12.522,2.51,1.87,-0.0,2.51,1.87,-0.0
12.532,2.51,1.87,-0.0,2.51,1.87,-0.0
12.542,2.5,1.86,-0.0,2.5,1.86,-0.0
12.552,2.5,1.86,-0.0,2.5,1.86,-0.0
12.562,2.5,1.86,-0.0,2.5,1.86,-0.0
12.572,2.5,1.86,-0.0,2.5,1.86,-0.0
12.582,2.49,1.86,-0.0,2.49,1.86,-0.0
12.592,2.49,1.86,-0.0,2.49,1.86,-0.0
12.602,2.49,1.85,-0.0,2.49,1.85,-0.0
12.612,2.49,1.85,-0.0,2.49,1.85,-0.0
12.622,2.48,1.85,-0.0,2.48,1.85,-0.0
12.632,2.48,1.85,-0.0,2.48,1.85,-0.0
12.642,2.48,1.85,-0.0,2.48,1.85,-0.0
12.652,2.48,1.85,-0.0,2.48,1.85,-0.0
12.662,2.47,1.84,-0.0,2.47,1.84,-0.0
12.672,2.47,1.84,-0.0,2.47,1.84,-0.0
12.682,2.47,1.84,-0.0,2.47,1.84,-0.0
12.692,2.47,1.84,-0.0,2.47,1.84,-0.0
12.702,2.46,1.84,-0.0,2.46,1.84,-0.0
12.712,2.46,1.84,-0.0,2.46,1.84,-0.0
12.722,2.46,1.83,-0.0,2.46,1.83,-0.0
12.732,2.46,1.83,-0.0,2.46,1.83,-0.0
12.742,2.45,1.83,-0.0,2.45,1.83,-0.0
12.752,2.45,1.83,-0.0,2.45,1.83,-0.0
12.762,2.45,1.83,-0.0,2.45,1.83,-0.0
12.772,2.45,1.83,-0.0,2.45,1.83,-0.0
12.782,2.44,1.82,-0.0,2.44,1.82,-0.0
12.792,2.44,1.82,-0.0,2.44,1.82,-0.0
12.802,2.44,1.82,-0.0,2.44,1.82,-0.0
12.812,2.44,1.82,-0.0,2.44,1.82,-0.0
12.822,2.44,1.82,-0.0,2.44,1.82,-0.0
12.832,2.43,1.81,-0.0,2.43,1.81,-0.0
12.842,2.43,1.81,-0.0,2.43,1.81,-0.0
12.852,2.43,1.81,-0.0,2.43,1.81,-0.0
12.862,2.43,1.81,-0.0,2.43,1.81,-0.0
12.872,2.42,1.81,-0.0,2.42,1.81,-0.0
12.882,2.42,1.81,-0.0,2.42,1.81,-0.0
12.892,2.42,1.8,-0.0,2.42,1.8,-0.0
12.902,2.42,1.8,-0.0,2.42,1.8,-0.0
12.911,2.41,1.8,-0.0,2.41,1.8,-0.0
12.922,2.41,1.8,-0.0,2.41,1.8,-0.0
12.932,2.41,1.8,-0.0,2.41,1.8,-0.0
12.942,2.41,1.79,-0.0,2.41,1.79,-0.0
12.952,2.4,1.79,-0.0,2.4,1.79,-0.0
12.962,2.4,1.79,-0.0,2.4,1.79,-0.0
12.972,2.4,1.79,-0.0,2.4,1.79,-0.0
12.982,2.4,1.79,-0.0,2.4,1.79,-0.0
12.991,2.4,1.78,-0.0,2.4,1.78,-0.0
13.002,2.39,1.78,-0.0,2.39,1.78,-0.0
13.012,2.39,1.78,-0.0,2.39,1.78,-0.0
13.022,2.39,1.78,-0.0,2.39,1.78,-0.0
13.032,2.39,1.78,-0.0,2.39,1.78,-0.0
13.042,2.38,1.78,-0.0,2.38,1.78,-0.0
13.052,2.38,1.77,-0.0,2.38,1.77,-0.0
13.062,2.38,1.77,-0.0,2.38,1.77,-0.0
13.072,2.38,1.77,-0.0,2.38,1.77,-0.0
13.082,2.38,1.77,-0.0,2.38,1.77,-0.0
13.092,2.37,1.77,-0.0,2.37,1.77,-0.0
13.102,2.37,1.76,-0.0,2.37,1.76,-0.0
13.112,2.37,1.76,-0.0,2.37,1.76,-0.0
13.122,2.37,1.76,-0.0,2.37,1.76,-0.0
13.132,2.36,1.76,-0.0,2.36,1.76,-0.0
13.142,2.36,1.75,-0.0,2.36,1.75,-0.0
13.152,2.36,1.75,-0.0,2.36,1.75,-0.0
13.162,2.36,1.75,-0.0,2.36,1.75,-0.0
13.172,2.36,1.75,-0.0,2.36,1.75,-0.0
13.182,2.35,1.75,-0.0,2.35,1.75,-0.0
13.192,2.35,1.74,-0.0,2.35,1.74,-0.0
13.202,2.35,1.74,-0.0,2.35,1.74,-0.0
13.212,2.35,1.74,-0.0,2.35,1.74,-0.0
13.222,2.34,1.74,-0.0,2.34,1.74,-0.0
13.232,2.34,1.74,-0.0,2.34,1.74,-0.0
13.242,2.34,1.73,-0.0,2.34,1.73,-0.0
13.252,2.34,1.73,-0.0,2.34,1.73,-0.0
13.262,2.34,1.73,-0.0,2.34,1.73,-0.0
13.272,2.33,1.73,-0.0,2.33,1.73,-0.0
13.282,2.33,1.73,-0.0,2.33,1.73,-0.0
13.292,2.33,1.72,-0.0,2.33,1.72,-0.0
13.302,2.33,1.72,-0.0,2.33,1.72,-0.0
13.312,2.33,1.72,-0.0,2.33,1.72,-0.0
13.322,2.32,1.72,-0.0,2.32,1.72,-0.0
13.332,2.32,1.72,-0.0,2.32,1.72,-0.0
13.342,2.32,1.71,-0.0,2.32,1.71,-0.0
13.351,2.32,1.71,-0.0,2.32,1.71,-0.0
13.362,2.31,1.71,-0.0,2.31,1.71,-0.0
13.372,2.31,1.71,-0.0,2.31,1.71,-0.0
13.382,2.31,1.7,-0.0,2.31,1.7,-0.0
13.392,2.31,1.7,-0.0,2.31,1.7,-0.0
13.402,2.31,1.7,-0.0,2.31,1.7,-0.0
13.412,2.3,1.7,-0.0,2.3,1.7,-0.0
13.422,2.3,1.7,-0.0,2.3,1.7,-0.0
13.432,2.3,1.69,-0.0,2.3,1.69,-0.0
13.442,2.3,1.69,-0.0,2.3,1.69,-0.0
13.452,2.3,1.69,-0.0,2.3,1.69,-0.0
13.462,2.29,1.69,-0.0,2.29,1.69,-0.0
13.472,2.29,1.68,-0.0,2.29,1.68,-0.0
13.482,2.29,1.68,-0.0,2.29,1.68,-0.0
13.492,2.29,1.68,-0.0,2.29,1.68,-0.0
13.502,2.29,1.68,-0.0,2.29,1.68,-0.0
13.512,2.28,1.68,-0.0,2.28,1.68,-0.0
13.522,2.28,1.67,-0.0,2.28,1.67,-0.0
13.532,2.28,1.67,-0.0,2.28,1.67,-0.0
13.542,2.28,1.67,-0.0,2.28,1.67,-0.0
13.552,2.28,1.67,-0.0,2.28,1.67,-0.0
13.562,2.28,1.66,-0.0,2.28,1.66,-0.0
13.572,2.27,1.66,-0.0,2.27,1.66,-0.0
13.582,2.27,1.66,-0.0,2.27,1.66,-0.0
13.592,2.27,1.66,-0.0,2.27,1.66,-0.0
13.602,2.27,1.65,-0.0,2.27,1.65,-0.0
13.612,2.27,1.65,-0.0,2.27,1.65,-0.0
13.622,2.26,1.65,-0.0,2.26,1.65,-0.0
13.631,2.26,1.65,-0.0,2.26,1.65,-0.0
13.642,2.26,1.65,-0.0,2.26,1.65,-0.0
13.652,2.26,1.64,-0.0,2.26,1.64,-0.0
13.662,2.26,1.64,-0.0,2.26,1.64,-0.0
13.672,2.25,1.64,-0.0,2.25,1.64,-0.0
13.682,2.25,1.64,-0.0,2.25,1.64,-0.0
13.692,2.25,1.63,-0.0,2.25,1.63,-0.0
13.702,2.25,1.63,-0.0,2.25,1.63,-0.0
13.712,2.25,1.63,-0.0,2.25,1.63,-0.0
13.722,2.25,1.63,-0.0,2.25,1.63,-0.0
13.732,2.24,1.62,-0.0,2.24,1.62,-0.0
13.742,2.24,1.62,-0.0,2.24,1.62,-0.0
13.752,2.24,1.62,-0.0,2.24,1.62,-0.0
13.762,2.24,1.62,-0.0,2.24,1.62,-0.0
13.770,2.24,1.61,-0.0,2.24,1.61,-0.0
13.782,2.23,1.61,-0.0,2.23,1.61,-0.0
13.792,2.23,1.61,-0.0,2.23,1.61,-0.0
13.800,2.23,1.61,-0.0,2.23,1.61,-0.0
13.812,2.23,1.6,-0.0,2.23,1.6,-0.0
13.822,2.23,1.6,-0.0,2.23,1.6,-0.0
13.832,2.23,1.6,-0.0,2.23,1.6,-0.0
13.842,2.22,1.6,-0.0,2.22,1.6,-0.0
13.852,2.22,1.6,-0.0,2.22,1.6,-0.0
13.862,2.22,1.59,-0.0,2.22,1.59,-0.0
13.872,2.22,1.59,-0.0,2.22,1.59,-0.0
13.882,2.22,1.59,-0.0,2.22,1.59,-0.0
13.892,2.22,1.59,-0.0,2.22,1.59,-0.0
13.902,2.21,1.58,-0.0,2.21,1.58,-0.0
13.912,2.21,1.58,-0.0,2.21,1.58,-0.0
13.922,2.21,1.58,-0.0,2.21,1.58,-0.0
13.932,2.21,1.58,-0.0,2.21,1.58,-0.0
13.942,2.21,1.57,-0.0,2.21,1.57,-0.0
13.952,2.21,1.57,-0.0,2.21,1.57,-0.0
13.962,2.2,1.57,-0.0,2.2,1.57,-0.0
13.971,2.2,1.57,-0.0,2.2,1.57,-0.0
13.982,2.2,1.56,-0.0,2.2,1.56,-0.0
13.992,2.2,1.56,-0.0,2.2,1.56,-0.0
14.002,2.2,1.56,-0.0,2.2,1.56,-0.0
14.012,2.2,1.56,-0.0,2.2,1.56,-0.0
14.022,2.19,1.55,-0.0,2.19,1.55,-0.0
14.032,2.19,1.55,-0.0,2.19,1.55,-0.0
14.042,2.19,1.55,-0.0,2.19,1.55,-0.0
14.052,2.19,1.55,-0.0,2.19,1.55,-0.0
14.062,2.19,1.54,-0.0,2.19,1.54,-0.0
14.072,2.19,1.54,-0.0,2.19,1.54,-0.0
14.082,2.19,1.54,-0.0,2.19,1.54,-0.0
14.092,2.18,1.53,-0.0,2.18,1.53,-0.0
14.102,2.18,1.53,-0.0,2.18,1.53,-0.0
14.112,2.18,1.53,-0.0,2.18,1.53,-0.0
14.122,2.18,1.53,-0.0,2.18,1.53,-0.0
14.132,2.18,1.52,-0.0,2.18,1.52,-0.0
14.142,2.18,1.52,-0.0,2.18,1.52,-0.0
14.152,2.17,1.52,-0.0,2.17,1.52,-0.0
14.162,2.17,1.52,-0.0,2.17,1.52,-0.0
14.172,2.17,1.51,-0.0,2.17,1.51,-0.0
14.182,2.17,1.51,-0.0,2.17,1.51,-0.0
14.192,2.17,1.51,-0.0,2.17,1.51,-0.0
14.202,2.17,1.51,-0.0,2.17,1.51,-0.0
14.212,2.17,1.5,-0.0,2.17,1.5,-0.0
14.222,2.16,1.5,-0.0,2.16,1.5,-0.0
14.232,2.16,1.5,-0.0,2.16,1.5,-0.0
14.242,2.16,1.5,-0.0,2.16,1.5,-0.0
14.252,2.16,1.49,-0.0,2.16,1.49,-0.0
14.262,2.16,1.49,-0.0,2.16,1.49,-0.0
14.272,2.16,1.49,-0.0,2.16,1.49,-0.0
14.282,2.16,1.49,-0.0,2.16,1.49,-0.0
14.292,2.15,1.48,-0.0,2.15,1.48,-0.0
14.302,2.15,1.48,-0.0,2.15,1.48,-0.0
14.312,2.15,1.48,-0.0,2.15,1.48,-0.0
14.322,2.15,1.47,-0.0,2.15,1.47,-0.0
14.331,2.15,1.47,-0.0,2.15,1.47,-0.0
14.342,2.15,1.47,-0.0,2.15,1.47,-0.0
14.352,2.15,1.47,-0.0,2.15,1.47,-0.0
14.362,2.15,1.46,-0.0,2.15,1.46,-0.0
14.372,2.14,1.46,-0.0,2.14,1.46,-0.0
14.382,2.14,1.46,-0.0,2.14,1.46,-0.0
14.392,2.14,1.46,-0.0,2.14,1.46,-0.0
14.402,2.14,1.45,-0.0,2.14,1.45,-0.0
14.412,2.14,1.45,-0.0,2.14,1.45,-0.0
14.418,2.14,1.45,-0.0,2.14,1.45,-0.0
14.432,2.14,1.44,-0.0,2.14,1.44,-0.0
14.442,2.13,1.44,-0.0,2.13,1.44,-0.0
14.452,2.13,1.44,-0.0,2.13,1.44,-0.0
14.462,2.13,1.44,-0.0,2.13,1.44,-0.0
14.472,2.13,1.43,-0.0,2.13,1.43,-0.0
14.482,2.13,1.43,-0.0,2.13,1.43,-0.0
14.492,2.13,1.43,-0.0,2.13,1.43,-0.0
14.502,2.13,1.43,-0.0,2.13,1.43,-0.0
14.512,2.13,1.42,-0.0,2.13,1.42,-0.0
14.522,2.12,1.42,-0.0,2.12,1.42,-0.0
14.532,2.12,1.42,-0.0,2.12,1.42,-0.0
14.542,2.12,1.41,-0.0,2.12,1.41,-0.0
14.552,2.12,1.41,-0.0,2.12,1.41,-0.0
14.562,2.12,1.41,-0.0,2.12,1.41,-0.0
14.572,2.12,1.41,-0.0,2.12,1.41,-0.0
14.581,2.12,1.4,-0.0,2.12,1.4,-0.0
14.592,2.12,1.4,-0.0,2.12,1.4,-0.0
14.602,2.12,1.4,-0.0,2.12,1.4,-0.0
14.612,2.11,1.4,-0.0,2.11,1.4,-0.0
14.621,2.11,1.39,-0.0,2.11,1.39,-0.0
14.632,2.11,1.39,-0.0,2.11,1.39,-0.0
14.642,2.11,1.39,-0.0,2.11,1.39,-0.0
14.652,2.11,1.38,-0.0,2.11,1.38,-0.0
14.662,2.11,1.38,-0.0,2.11,1.38,-0.0
14.672,2.11,1.38,-0.0,2.11,1.38,-0.0
14.682,2.11,1.38,-0.0,2.11,1.38,-0.0
14.692,2.11,1.37,-0.0,2.11,1.37,-0.0
14.702,2.1,1.37,-0.0,2.1,1.37,-0.0
14.712,2.1,1.37,-0.0,2.1,1.37,-0.0
14.722,2.1,1.36,-0.0,2.1,1.36,-0.0
14.732,2.1,1.36,-0.0,2.1,1.36,-0.0
14.742,2.1,1.36,-0.0,2.1,1.36,-0.0
14.752,2.1,1.36,-0.0,2.1,1.36,-0.0
14.762,2.1,1.35,-0.0,2.1,1.35,-0.0
14.771,2.1,1.35,-0.0,2.1,1.35,-0.0
14.782,2.1,1.35,-0.0,2.1,1.35,-0.0
14.792,2.1,1.34,-0.0,2.1,1.34,-0.0
14.802,2.09,1.34,-0.0,2.09,1.34,-0.0
14.812,2.09,1.34,-0.0,2.09,1.34,-0.0
14.822,2.09,1.34,-0.0,2.09,1.34,-0.0
14.832,2.09,1.33,-0.0,2.09,1.33,-0.0
14.842,2.09,1.33,-0.0,2.09,1.33,-0.0
14.852,2.09,1.33,-0.0,2.09,1.33,-0.0
14.862,2.09,1.32,-0.0,2.09,1.32,-0.0
14.872,2.09,1.32,-0.0,2.09,1.32,-0.0
14.882,2.09,1.32,-0.0,2.09,1.32,-0.0
14.892,2.09,1.32,-0.0,2.09,1.32,-0.0
14.902,2.09,1.31,-0.0,2.09,1.31,-0.0
14.912,2.08,1.31,-0.0,2.08,1.31,-0.0
14.922,2.08,1.31,-0.0,2.08,1.31,-0.0
14.932,2.08,1.3,-0.0,2.08,1.3,-0.0
14.942,2.08,1.3,-0.0,2.08,1.3,-0.0
14.952,2.08,1.3,-0.0,2.08,1.3,-0.0
14.962,2.08,1.3,-0.0,2.08,1.3,-0.0
14.972,2.08,1.29,-0.0,2.08,1.29,-0.0
14.982,2.08,1.29,-0.0,2.08,1.29,-0.0
14.992,2.08,1.29,-0.0,2.08,1.29,-0.0
15.002,2.08,1.28,-0.0,2.08,1.28,-0.0
15.012,2.08,1.28,-0.0,2.08,1.28,-0.0
15.022,2.08,1.28,-0.0,2.08,1.28,-0.0
15.032,2.08,1.28,-0.0,2.08,1.28,-0.0
15.042,2.07,1.27,-0.0,2.07,1.27,-0.0
15.052,2.07,1.27,-0.0,2.07,1.27,-0.0
15.062,2.07,1.27,-0.0,2.07,1.27,-0.0
15.072,2.07,1.26,-0.0,2.07,1.26,-0.0
15.082,2.07,1.26,-0.0,2.07,1.26,-0.0
15.092,2.07,1.26,-0.0,2.07,1.26,-0.0
15.102,2.07,1.26,-0.0,2.07,1.26,-0.0
15.112,2.07,1.25,-0.0,2.07,1.25,-0.0
15.122,2.07,1.25,-0.0,2.07,1.25,-0.0
15.132,2.07,1.25,-0.0,2.07,1.25,-0.0
15.142,2.07,1.24,-0.0,2.07,1.24,-0.0
15.152,2.07,1.24,-0.0,2.07,1.24,-0.0
15.162,2.07,1.24,-0.0,2.07,1.24,-0.0
15.172,2.07,1.24,-0.0,2.07,1.24,-0.0
15.182,2.06,1.23,-0.0,2.06,1.23,-0.0
15.192,2.06,1.23,-0.0,2.06,1.23,-0.0
15.202,2.06,1.23,-0.0,2.06,1.23,-0.0
15.212,2.06,1.22,-0.0,2.06,1.22,-0.0
15.222,2.06,1.22,-0.0,2.06,1.22,-0.0
15.232,2.06,1.22,-0.0,2.06,1.22,-0.0
15.242,2.06,1.21,-0.0,2.06,1.21,-0.0
15.252,2.06,1.21,-0.0,2.06,1.21,-0.0
15.262,2.06,1.21,-0.0,2.06,1.21,-0.0
15.272,2.06,1.21,-0.0,2.06,1.21,-0.0
15.281,2.06,1.2,-0.0,2.06,1.2,-0.0
15.292,2.06,1.2,-0.0,2.06,1.2,-0.0
15.302,2.06,1.2,-0.0,2.06,1.2,-0.0
15.310,2.06,1.19,-0.0,2.06,1.19,-0.0
15.322,2.06,1.19,-0.0,2.06,1.19,-0.0
15.331,2.06,1.19,-0.0,2.06,1.19,-0.0
15.342,2.06,1.19,-0.0,2.06,1.19,-0.0
15.352,2.06,1.18,-0.0,2.06,1.18,-0.0
15.362,2.05,1.18,-0.0,2.05,1.18,-0.0
15.372,2.05,1.18,-0.0,2.05,1.18,-0.0
15.382,2.05,1.17,-0.0,2.05,1.17,-0.0
15.392,2.05,1.17,-0.0,2.05,1.17,-0.0
15.402,2.05,1.17,-0.0,2.05,1.17,-0.0
15.412,2.05,1.16,-0.0,2.05,1.16,-0.0
15.422,2.05,1.16,-0.0,2.05,1.16,-0.0
15.432,2.05,1.16,-0.0,2.05,1.16,-0.0
15.442,2.05,1.16,-0.0,2.05,1.16,-0.0
15.452,2.05,1.15,-0.0,2.05,1.15,-0.0
15.462,2.05,1.15,-0.0,2.05,1.15,-0.0
15.472,2.05,1.15,-0.0,2.05,1.15,-0.0
15.482,2.05,1.14,-0.0,2.05,1.14,-0.0
15.492,2.05,1.14,-0.0,2.05,1.14,-0.0
15.502,2.05,1.14,-0.0,2.05,1.14,-0.0
15.512,2.05,1.13,-0.0,2.05,1.13,-0.0
15.522,2.05,1.13,-0.0,2.05,1.13,-0.0
15.532,2.05,1.13,-0.0,2.05,1.13,-0.0
15.542,2.05,1.13,-0.0,2.05,1.13,-0.0
15.552,2.05,1.12,-0.0,2.05,1.12,-0.0
15.562,2.05,1.12,-0.0,2.05,1.12,-0.0
15.572,2.05,1.12,-0.0,2.05,1.12,-0.0
15.582,2.05,1.11,-0.0,2.05,1.11,-0.0
15.592,2.05,1.11,-0.0,2.05,1.11,-0.0
15.602,2.05,1.11,-0.0,2.05,1.11,-0.0
15.612,2.05,1.1,-0.0,2.05,1.1,-0.0
15.622,2.05,1.1,-0.0,2.05,1.1,-0.0
15.632,2.04,1.1,-0.0,2.04,1.1,-0.0
15.642,2.04,1.1,-0.0,2.04,1.1,-0.0
15.652,2.04,1.09,-0.0,2.04,1.09,-0.0
15.662,2.04,1.09,-0.0,2.04,1.09,-0.0
15.672,2.04,1.09,-0.0,2.04,1.09,-0.0
15.682,2.04,1.08,-0.0,2.04,1.08,-0.0
15.692,2.04,1.08,-0.0,2.04,1.08,-0.0
15.702,2.04,1.08,-0.0,2.04,1.08,-0.0
15.712,2.04,1.08,-0.0,2.04,1.08,-0.0
15.722,2.04,1.07,-0.0,2.04,1.07,-0.0
15.732,2.04,1.07,-0.0,2.04,1.07,-0.0
15.742,2.04,1.07,-0.0,2.04,1.07,-0.0
15.752,2.04,1.06,-0.0,2.04,1.06,-0.0
15.762,2.04,1.06,-0.0,2.04,1.06,-0.0
15.772,2.04,1.06,-0.0,2.04,1.06,-0.0
15.782,2.04,1.05,-0.0,2.04,1.05,-0.0
15.792,2.04,1.05,-0.0,2.04,1.05,-0.0
15.802,2.04,1.05,-0.0,2.04,1.05,-0.0
15.812,2.04,1.05,-0.0,2.04,1.05,-0.0
15.822,2.04,1.04,-0.0,2.04,1.04,-0.0
15.832,2.04,1.04,-0.0,2.04,1.04,-0.0
15.842,2.04,1.04,-0.0,2.04,1.04,-0.0
15.852,2.04,1.03,-0.0,2.04,1.03,-0.0
15.862,2.04,1.03,-0.0,2.04,1.03,-0.0
15.872,2.04,1.03,-0.0,2.04,1.03,-0.0
15.882,2.04,1.02,-0.0,2.04,1.02,-0.0
15.892,2.04,1.02,-0.0,2.04,1.02,-0.0
15.902,2.04,1.02,-0.0,2.04,1.02,-0.0
15.912,2.04,1.02,-0.0,2.04,1.02,-0.0
15.922,2.04,1.01,-0.0,2.04,1.01,-0.0
15.932,2.04,1.01,-0.0,2.04,1.01,-0.0
15.942,2.04,1.01,-0.0,2.04,1.01,-0.0
15.952,2.04,1.0,-0.0,2.04,1.0,-0.0
15.962,2.04,1.0,-0.0,2.04,1.0,-0.0
15.972,2.04,1.0,-0.0,2.04,1.0,-0.0
15.982,2.04,0.99,-0.0,2.04,0.99,-0.0
15.992,2.04,0.99,-0.0,2.04,0.99,-0.0
16.002,2.04,0.99,-0.0,2.04,0.99,-0.0
16.012,2.04,0.99,-0.0,2.04,0.99,-0.0
16.022,2.04,0.98,-0.0,2.04,0.98,-0.0
16.032,2.04,0.98,-0.0,2.04,0.98,-0.0
16.042,2.04,0.98,-0.0,2.04,0.98,-0.0
16.052,2.04,0.97,-0.0,2.04,0.97,-0.0
16.062,2.04,0.97,-0.0,2.04,0.97,-0.0
16.072,2.04,0.97,-0.0,2.04,0.97,-0.0
16.082,2.04,0.96,-0.0,2.04,0.96,-0.0
16.092,2.04,0.96,-0.0,2.04,0.96,-0.0
16.102,2.04,0.96,-0.0,2.04,0.96,-0.0
16.112,2.04,0.95,-0.0,2.04,0.95,-0.0
16.122,2.04,0.95,-0.0,2.04,0.95,-0.0
16.132,2.04,0.95,-0.0,2.04,0.95,-0.0
16.142,2.04,0.95,-0.0,2.04,0.95,-0.0
16.152,2.04,0.94,-0.0,2.04,0.94,-0.0
16.162,2.04,0.94,-0.0,2.04,0.94,-0.0
16.172,2.04,0.94,-0.0,2.04,0.94,-0.0
16.182,2.04,0.93,-0.0,2.04,0.93,-0.0
16.192,2.05,0.93,-0.0,2.05,0.93,-0.0
16.202,2.05,0.93,-0.0,2.05,0.93,-0.0
16.212,2.05,0.92,-0.0,2.05,0.92,-0.0
16.222,2.05,0.92,-0.0,2.05,0.92,-0.0
16.232,2.05,0.92,-0.0,2.05,0.92,-0.0
16.242,2.05,0.92,-0.0,2.05,0.92,-0.0
16.252,2.05,0.91,-0.0,2.05,0.91,-0.0
16.262,2.05,0.91,-0.0,2.05,0.91,-0.0
16.272,2.05,0.91,-0.0,2.05,0.91,-0.0
16.282,2.05,0.9,-0.0,2.05,0.9,-0.0
16.292,2.05,0.9,-0.0,2.05,0.9,-0.0
16.302,2.05,0.9,-0.0,2.05,0.9,-0.0
16.312,2.05,0.89,-0.0,2.05,0.89,-0.0
16.322,2.05,0.89,-0.0,2.05,0.89,-0.0
16.331,2.05,0.89,-0.0,2.05,0.89,-0.0
16.342,2.05,0.89,-0.0,2.05,0.89,-0.0
16.352,2.05,0.88,-0.0,2.05,0.88,-0.0
16.361,2.05,0.88,-0.0,2.05,0.88,-0.0
16.372,2.05,0.88,-0.0,2.05,0.88,-0.0
16.382,2.05,0.87,-0.0,2.05,0.87,-0.0
16.392,2.05,0.87,-0.0,2.05,0.87,-0.0
16.402,2.05,0.87,-0.0,2.05,0.87,-0.0
16.412,2.05,0.87,-0.0,2.05,0.87,-0.0
16.422,2.05,0.86,-0.0,2.05,0.86,-0.0
16.432,2.05,0.86,-0.0,2.05,0.86,-0.0
16.442,2.05,0.86,-0.0,2.05,0.86,-0.0
16.452,2.06,0.85,-0.0,2.06,0.85,-0.0
16.462,2.06,0.85,-0.0,2.06,0.85,-0.0
16.472,2.06,0.85,-0.0,2.06,0.85,-0.0
16.482,2.06,0.84,-0.0,2.06,0.84,-0.0
16.492,2.06,0.84,-0.0,2.06,0.84,-0.0
16.502,2.06,0.84,-0.0,2.06,0.84,-0.0
16.512,2.06,0.84,-0.0,2.06,0.84,-0.0
16.522,2.06,0.83,-0.0,2.06,0.83,-0.0
16.532,2.06,0.83,-0.0,2.06,0.83,-0.0
16.542,2.06,0.83,-0.0,2.06,0.83,-0.0
16.552,2.06,0.82,-0.0,2.06,0.82,-0.0
16.562,2.06,0.82,-0.0,2.06,0.82,-0.0
16.572,2.06,0.82,-0.0,2.06,0.82,-0.0
16.582,2.06,0.81,-0.0,2.06,0.81,-0.0
16.592,2.06,0.81,-0.0,2.06,0.81,-0.0
16.602,2.06,0.81,-0.0,2.06,0.81,-0.0
16.612,2.06,0.81,-0.0,2.06,0.81,-0.0
16.622,2.07,0.8,-0.0,2.07,0.8,-0.0
16.632,2.07,0.8,-0.0,2.07,0.8,-0.0
16.642,2.07,0.8,-0.0,2.07,0.8,-0.0
16.652,2.07,0.79,-0.0,2.07,0.79,-0.0
16.662,2.07,0.79,-0.0,2.07,0.79,-0.0
16.662,2.07,0.79,-0.0,2.07,0.79,-0.0
16.681,2.07,0.79,-0.0,2.07,0.79,-0.0
16.692,2.07,0.78,-0.0,2.07,0.78,-0.0
16.701,2.07,0.78,-0.0,2.07,0.78,-0.0
16.711,2.07,0.78,-0.0,2.07,0.78,-0.0
16.722,2.07,0.77,-0.0,2.07,0.77,-0.0
16.732,2.07,0.77,-0.0,2.07,0.77,-0.0
16.742,2.07,0.77,-0.0,2.07,0.77,-0.0
16.752,2.07,0.76,-0.0,2.07,0.76,-0.0
16.762,2.08,0.76,-0.0,2.08,0.76,-0.0
16.772,2.08,0.76,-0.0,2.08,0.76,-0.0
16.782,2.08,0.76,-0.0,2.08,0.76,-0.0
16.792,2.08,0.75,-0.0,2.08,0.75,-0.0
16.802,2.08,0.75,-0.0,2.08,0.75,-0.0
16.812,2.08,0.75,-0.0,2.08,0.75,-0.0
16.822,2.08,0.74,-0.0,2.08,0.74,-0.0
16.832,2.08,0.74,-0.0,2.08,0.74,-0.0
16.842,2.08,0.74,-0.0,2.08,0.74,-0.0
16.852,2.08,0.74,-0.0,2.08,0.74,-0.0
16.862,2.08,0.73,-0.0,2.08,0.73,-0.0
16.872,2.09,0.73,-0.0,2.09,0.73,-0.0
16.882,2.09,0.73,-0.0,2.09,0.73,-0.0
16.892,2.09,0.72,-0.0,2.09,0.72,-0.0
16.902,2.09,0.72,-0.0,2.09,0.72,-0.0
16.912,2.09,0.72,-0.0,2.09,0.72,-0.0
16.922,2.09,0.72,-0.0,2.09,0.72,-0.0
16.932,2.09,0.71,-0.0,2.09,0.71,-0.0
16.942,2.09,0.71,-0.0,2.09,0.71,-0.0
16.952,2.09,0.71,-0.0,2.09,0.71,-0.0
16.962,2.09,0.7,-0.0,2.09,0.7,-0.0
16.972,2.09,0.7,-0.0,2.09,0.7,-0.0
16.982,2.1,0.7,-0.0,2.1,0.7,-0.0
16.992,2.1,0.7,-0.0,2.1,0.7,-0.0
17.002,2.1,0.69,-0.0,2.1,0.69,-0.0
17.012,2.1,0.69,-0.0,2.1,0.69,-0.0
17.022,2.1,0.69,-0.0,2.1,0.69,-0.0
17.032,2.1,0.68,-0.0,2.1,0.68,-0.0
17.042,2.1,0.68,-0.0,2.1,0.68,-0.0
17.052,2.1,0.68,-0.0,2.1,0.68,-0.0
17.062,2.1,0.68,-0.0,2.1,0.68,-0.0
17.072,2.1,0.67,-0.0,2.1,0.67,-0.0
17.081,2.11,0.67,-0.0,2.11,0.67,-0.0
17.092,2.11,0.67,-0.0,2.11,0.67,-0.0
17.102,2.11,0.66,-0.0,2.11,0.66,-0.0
17.112,2.11,0.66,-0.0,2.11,0.66,-0.0
17.122,2.11,0.66,-0.0,2.11,0.66,-0.0
17.132,2.11,0.66,-0.0,2.11,0.66,-0.0
17.142,2.11,0.65,-0.0,2.11,0.65,-0.0
17.152,2.11,0.65,-0.0,2.11,0.65,-0.0
17.162,2.11,0.65,-0.0,2.11,0.65,-0.0
17.172,2.12,0.65,-0.0,2.12,0.65,-0.0
17.182,2.12,0.64,-0.0,2.12,0.64,-0.0
17.192,2.12,0.64,-0.0,2.12,0.64,-0.0
17.202,2.12,0.64,-0.0,2.12,0.64,-0.0
17.212,2.12,0.63,-0.0,2.12,0.63,-0.0
17.222,2.12,0.63,-0.0,2.12,0.63,-0.0
17.232,2.12,0.63,-0.0,2.12,0.63,-0.0
17.242,2.12,0.63,-0.0,2.12,0.63,-0.0
17.252,2.13,0.62,-0.0,2.13,0.62,-0.0
17.262,2.13,0.62,-0.0,2.13,0.62,-0.0
17.272,2.13,0.62,-0.0,2.13,0.62,-0.0
17.282,2.13,0.61,-0.0,2.13,0.61,-0.0
17.292,2.13,0.61,-0.0,2.13,0.61,-0.0
17.302,2.13,0.61,-0.0,2.13,0.61,-0.0
17.312,2.13,0.61,-0.0,2.13,0.61,-0.0
17.322,2.13,0.6,-0.0,2.13,0.6,-0.0
17.332,2.14,0.6,-0.0,2.14,0.6,-0.0
17.342,2.14,0.6,-0.0,2.14,0.6,-0.0
17.352,2.14,0.6,-0.0,2.14,0.6,-0.0
17.362,2.14,0.59,-0.0,2.14,0.59,-0.0
17.372,2.14,0.59,-0.0,2.14,0.59,-0.0
17.382,2.14,0.59,-0.0,2.14,0.59,-0.0
17.392,2.14,0.59,-0.0,2.14,0.59,-0.0
17.402,2.14,0.58,-0.0,2.14,0.58,-0.0
17.412,2.15,0.58,-0.0,2.15,0.58,-0.0
17.422,2.15,0.58,-0.0,2.15,0.58,-0.0
17.432,2.15,0.57,-0.0,2.15,0.57,-0.0
17.442,2.15,0.57,-0.0,2.15,0.57,-0.0
17.452,2.15,0.57,-0.0,2.15,0.57,-0.0
17.461,2.15,0.57,-0.0,2.15,0.57,-0.0
17.472,2.15,0.56,-0.0,2.15,0.56,-0.0
17.482,2.16,0.56,-0.0,2.16,0.56,-0.0
17.492,2.16,0.56,-0.0,2.16,0.56,-0.0
17.502,2.16,0.56,-0.0,2.16,0.56,-0.0
17.511,2.16,0.55,-0.0,2.16,0.55,-0.0
17.511,2.16,0.55,-0.0,2.16,0.55,-0.0
17.532,2.16,0.55,-0.0,2.16,0.55,-0.0
17.542,2.16,0.55,-0.0,2.16,0.55,-0.0
17.552,2.17,0.54,-0.0,2.17,0.54,-0.0
17.562,2.17,0.54,-0.0,2.17,0.54,-0.0
17.572,2.17,0.54,-0.0,2.17,0.54,-0.0
17.582,2.17,0.53,-0.0,2.17,0.53,-0.0
17.591,2.17,0.53,-0.0,2.17,0.53,-0.0
17.602,2.17,0.53,-0.0,2.17,0.53,-0.0
17.612,2.17,0.53,-0.0,2.17,0.53,-0.0
17.622,2.18,0.52,-0.0,2.18,0.52,-0.0
17.632,2.18,0.52,-0.0,2.18,0.52,-0.0
17.642,2.18,0.52,-0.0,2.18,0.52,-0.0
17.652,2.18,0.52,-0.0,2.18,0.52,-0.0
17.662,2.18,0.51,-0.0,2.18,0.51,-0.0
17.672,2.18,0.51,-0.0,2.18,0.51,-0.0
17.682,2.19,0.51,-0.0,2.19,0.51,-0.0
17.692,2.19,0.51,-0.0,2.19,0.51,-0.0
17.692,2.19,0.5,-0.0,2.19,0.5,-0.0
17.712,2.19,0.5,-0.0,2.19,0.5,-0.0
17.722,2.19,0.5,-0.0,2.19,0.5,-0.0
17.732,2.19,0.5,-0.0,2.19,0.5,-0.0
17.742,2.2,0.49,-0.0,2.2,0.49,-0.0
17.752,2.2,0.49,-0.0,2.2,0.49,-0.0
17.762,2.2,0.49,-0.0,2.2,0.49,-0.0
17.772,2.2,0.49,-0.0,2.2,0.49,-0.0
17.782,2.2,0.48,-0.0,2.2,0.48,-0.0
17.792,2.2,0.48,-0.0,2.2,0.48,-0.0
17.802,2.21,0.48,-0.0,2.21,0.48,-0.0
17.812,2.21,0.48,-0.0,2.21,0.48,-0.0
17.822,2.21,0.47,-0.0,2.21,0.47,-0.0
17.832,2.21,0.47,-0.0,2.21,0.47,-0.0
17.842,2.21,0.47,-0.0,2.21,0.47,-0.0
17.852,2.21,0.47,-0.0,2.21,0.47,-0.0
17.862,2.22,0.46,-0.0,2.22,0.46,-0.0
17.872,2.22,0.46,-0.0,2.22,0.46,-0.0
17.882,2.22,0.46,-0.0,2.22,0.46,-0.0
17.892,2.22,0.46,-0.0,2.22,0.46,-0.0
17.902,2.22,0.45,-0.0,2.22,0.45,-0.0
17.912,2.22,0.45,-0.0,2.22,0.45,-0.0
17.922,2.23,0.45,-0.0,2.23,0.45,-0.0
17.932,2.23,0.45,-0.0,2.23,0.45,-0.0
17.942,2.23,0.44,-0.0,2.23,0.44,-0.0
17.952,2.23,0.44,-0.0,2.23,0.44,-0.0
17.962,2.23,0.44,-0.0,2.23,0.44,-0.0
17.970,2.23,0.44,-0.0,2.23,0.44,-0.0
17.981,2.24,0.43,-0.0,2.24,0.43,-0.0
17.990,2.24,0.43,-0.0,2.24,0.43,-0.0
18.001,2.24,0.43,-0.0,2.24,0.43,-0.0
18.012,2.24,0.43,-0.0,2.24,0.43,-0.0
18.022,2.24,0.43,-0.0,2.24,0.43,-0.0
18.032,2.25,0.42,-0.0,2.25,0.42,-0.0
18.042,2.25,0.42,-0.0,2.25,0.42,-0.0
18.052,2.25,0.42,-0.0,2.25,0.42,-0.0
18.062,2.25,0.42,-0.0,2.25,0.42,-0.0
18.072,2.25,0.41,-0.0,2.25,0.41,-0.0
18.082,2.25,0.41,-0.0,2.25,0.41,-0.0
18.092,2.26,0.41,-0.0,2.26,0.41,-0.0
18.101,2.26,0.41,-0.0,2.26,0.41,-0.0
18.112,2.26,0.4,-0.0,2.26,0.4,-0.0
18.121,2.26,0.4,-0.0,2.26,0.4,-0.0
18.132,2.26,0.4,-0.0,2.26,0.4,-0.0
